IBOV,,,PETR4,,,VALE3,,,DOLAR,
Date,Close,,Date,Close,,Date,Close,,Date,Close
24/07/2017 16:56:00,"65099,55",,24/07/2017 16:56:00,"12,88",,24/07/2017 16:56:00,"29,13",,23/07/2017 23:58:00,"3,1777"
25/07/2017 16:56:00,"65667,63",,25/07/2017 16:56:00,"13,22",,25/07/2017 16:56:00,"30,61",,24/07/2017 23:58:00,"3,1444"
26/07/2017 16:56:00,"65010,57",,26/07/2017 16:56:00,"13,06",,26/07/2017 16:56:00,"29,66",,25/07/2017 23:58:00,"3,1712"
27/07/2017 16:56:00,"65277,38",,27/07/2017 16:56:00,13,,27/07/2017 16:56:00,"29,7",,26/07/2017 23:58:00,"3,1375"
28/07/2017 16:56:00,"65497,13",,28/07/2017 16:56:00,"13,13",,28/07/2017 16:56:00,"30,34",,27/07/2017 23:58:00,"3,1526"
31/07/2017 16:56:00,"65920,36",,31/07/2017 16:56:00,"13,29",,31/07/2017 16:56:00,"31,3",,28/07/2017 23:58:00,"3,1269"
01/08/2017 16:56:00,"66516,24",,01/08/2017 16:56:00,"13,12",,01/08/2017 16:56:00,"31,06",,29/07/2017 23:58:00,"3,1311"
02/08/2017 16:56:00,"67135,99",,02/08/2017 16:56:00,"13,51",,02/08/2017 16:56:00,"31,11",,30/07/2017 23:58:00,"3,1777"
03/08/2017 16:56:00,"66777,13",,03/08/2017 16:56:00,"13,31",,03/08/2017 16:56:00,"30,68",,31/07/2017 23:58:00,"3,1258"
04/08/2017 16:56:00,"66897,99",,04/08/2017 16:56:00,"13,4",,04/08/2017 16:56:00,"31,23",,01/08/2017 23:58:00,"3,1228"
07/08/2017 16:56:00,"67939,66",,07/08/2017 16:56:00,"13,55",,07/08/2017 16:56:00,"32,42",,02/08/2017 23:58:00,"3,1122"
08/08/2017 16:56:00,"67898,94",,08/08/2017 16:56:00,"13,49",,08/08/2017 16:56:00,"32,05",,03/08/2017 23:58:00,"3,1115"
09/08/2017 16:56:00,"67671,07",,09/08/2017 16:56:00,"13,52",,09/08/2017 16:56:00,"31,92",,04/08/2017 23:58:00,"3,1175"
10/08/2017 16:56:00,"66992,09",,10/08/2017 16:56:00,"13,19",,10/08/2017 16:56:00,"31,5",,06/08/2017 23:58:00,"3,1293"
11/08/2017 16:56:00,"67358,59",,11/08/2017 16:56:00,"12,95",,11/08/2017 16:56:00,"30,8",,07/08/2017 23:58:00,"3,1242"
14/08/2017 16:56:00,"68284,66",,14/08/2017 16:56:00,"13,08",,14/08/2017 16:56:00,"31,3",,08/08/2017 23:58:00,"3,1259"
15/08/2017 16:56:00,"68355,12",,15/08/2017 16:56:00,"13,15",,15/08/2017 16:56:00,"31,12",,09/08/2017 23:58:00,"3,1523"
16/08/2017 16:56:00,"68594,29",,16/08/2017 16:56:00,"13,13",,16/08/2017 16:56:00,"31,73",,10/08/2017 23:58:00,"3,1736"
17/08/2017 16:56:00,"67976,8",,17/08/2017 16:56:00,"13,05",,17/08/2017 16:56:00,"31,2",,11/08/2017 23:58:00,"3,1888"
18/08/2017 16:56:00,"68714,66",,18/08/2017 16:56:00,"13,6",,18/08/2017 16:56:00,"31,55",,12/08/2017 23:58:00,"3,191"
21/08/2017 16:56:00,"68634,65",,21/08/2017 16:56:00,"13,34",,21/08/2017 16:56:00,"31,75",,13/08/2017 23:58:00,"3,1777"
22/08/2017 16:56:00,"70011,25",,22/08/2017 16:56:00,"13,79",,22/08/2017 16:56:00,"31,86",,14/08/2017 23:58:00,"3,1872"
23/08/2017 16:56:00,"70477,63",,23/08/2017 16:56:00,"13,76",,23/08/2017 16:56:00,"32,54",,15/08/2017 23:58:00,"3,1676"
24/08/2017 16:56:00,"71132,8",,24/08/2017 16:56:00,"13,8",,24/08/2017 16:56:00,"33,88",,16/08/2017 23:58:00,"3,1514"
25/08/2017 16:56:00,"71073,65",,25/08/2017 16:56:00,"13,88",,25/08/2017 16:56:00,"33,83",,17/08/2017 23:58:00,"3,1733"
28/08/2017 16:56:00,"71016,59",,28/08/2017 16:56:00,"13,87",,28/08/2017 16:56:00,"34,36",,18/08/2017 23:58:00,"3,1414"
29/08/2017 16:56:00,"71329,85",,29/08/2017 16:56:00,"13,85",,29/08/2017 16:56:00,"34,44",,19/08/2017 23:58:00,"3,1453"
30/08/2017 16:56:00,"70886,26",,30/08/2017 16:56:00,"13,45",,30/08/2017 16:56:00,"34,34",,20/08/2017 23:58:00,"3,1777"
31/08/2017 16:56:00,"70835,05",,31/08/2017 16:56:00,"13,65",,31/08/2017 16:56:00,"35,08",,21/08/2017 23:58:00,"3,163"
01/09/2017 16:56:00,"71923,11",,01/09/2017 16:56:00,"14,02",,01/09/2017 16:56:00,"35,67",,22/08/2017 23:58:00,"3,1605"
04/09/2017 16:56:00,"72128,83",,04/09/2017 16:56:00,"14,17",,04/09/2017 16:56:00,"36,1",,23/08/2017 23:58:00,"3,1393"
05/09/2017 16:56:00,"72150,88",,05/09/2017 16:56:00,"14,41",,05/09/2017 16:56:00,"35,6",,24/08/2017 23:58:00,"3,1465"
06/09/2017 16:56:00,"73412,41",,06/09/2017 16:56:00,"15,02",,06/09/2017 16:56:00,"35,8",,25/08/2017 23:58:00,"3,1561"
08/09/2017 16:56:00,"73078,85",,08/09/2017 16:56:00,"14,71",,08/09/2017 16:56:00,"34,48",,26/08/2017 23:58:00,"3,1571"
11/09/2017 16:56:00,"74319,22",,11/09/2017 16:56:00,"14,99",,11/09/2017 16:56:00,"35,09",,27/08/2017 23:58:00,"3,1587"
12/09/2017 16:56:00,"74538,55",,12/09/2017 16:56:00,"14,87",,12/09/2017 16:56:00,"35,26",,28/08/2017 23:58:00,"3,1658"
13/09/2017 16:56:00,"74787,57",,13/09/2017 16:56:00,"15,03",,13/09/2017 16:56:00,"34,77",,29/08/2017 23:58:00,"3,1642"
14/09/2017 16:56:00,"74656,68",,14/09/2017 16:56:00,"15,04",,14/09/2017 16:56:00,"33,62",,30/08/2017 23:58:00,"3,1588"
15/09/2017 16:56:00,"75756,52",,15/09/2017 16:56:00,"15,04",,15/09/2017 16:56:00,"33,8",,31/08/2017 23:58:00,"3,146"
18/09/2017 16:56:00,"75990,41",,18/09/2017 16:56:00,"15,04",,18/09/2017 16:56:00,"34,25",,01/09/2017 23:58:00,"3,1358"
19/09/2017 16:56:00,"75974,18",,19/09/2017 16:56:00,"15,14",,19/09/2017 16:56:00,"33,92",,02/09/2017 23:58:00,"3,1405"
20/09/2017 16:56:00,"76004,15",,20/09/2017 16:56:00,"15,87",,20/09/2017 16:56:00,"33,17",,03/09/2017 23:58:00,"3,1777"
21/09/2017 16:56:00,"75604,34",,21/09/2017 16:56:00,"15,67",,21/09/2017 16:56:00,"32,51",,04/09/2017 23:58:00,"3,1394"
22/09/2017 16:56:00,"75389,75",,22/09/2017 16:56:00,"15,69",,22/09/2017 16:56:00,"31,91",,05/09/2017 23:58:00,"3,1158"
25/09/2017 16:56:00,"74443,47",,25/09/2017 16:56:00,"15,84",,25/09/2017 16:56:00,"31,09",,06/09/2017 23:58:00,"3,0979"
26/09/2017 16:56:00,"74318,72",,26/09/2017 16:56:00,"15,56",,26/09/2017 16:56:00,"31,5",,07/09/2017 23:58:00,"3,0976"
27/09/2017 16:56:00,"73796,71",,27/09/2017 16:56:00,"15,31",,27/09/2017 16:56:00,"31,93",,08/09/2017 23:58:00,"3,0829"
28/09/2017 16:56:00,"73567,25",,28/09/2017 16:56:00,"15,34",,28/09/2017 16:56:00,"31,75",,09/09/2017 23:58:00,"3,0853"
29/09/2017 16:56:00,"74293,51",,29/09/2017 16:56:00,"15,3",,29/09/2017 16:56:00,"31,87",,10/09/2017 23:58:00,"3,1777"
02/10/2017 16:56:00,"74359,83",,02/10/2017 16:56:00,"15,4",,02/10/2017 16:56:00,"31,9",,11/09/2017 23:58:00,"3,0997"
03/10/2017 16:56:00,"76762,91",,03/10/2017 16:56:00,"15,98",,03/10/2017 16:56:00,"32,68",,12/09/2017 23:58:00,"3,1219"
04/10/2017 16:56:00,"76591,44",,04/10/2017 16:56:00,"15,66",,04/10/2017 16:56:00,"32,61",,13/09/2017 23:58:00,"3,1316"
05/10/2017 16:56:00,"76617,53",,05/10/2017 16:56:00,"15,9",,05/10/2017 16:56:00,"32,27",,14/09/2017 23:58:00,"3,1181"
06/10/2017 16:56:00,"76054,72",,06/10/2017 16:56:00,"15,69",,06/10/2017 16:56:00,"32,14",,15/09/2017 23:58:00,"3,1062"
09/10/2017 16:56:00,"75726,81",,09/10/2017 16:56:00,"15,89",,09/10/2017 16:56:00,"31,5",,17/09/2017 23:58:00,"3,1097"
10/10/2017 16:56:00,"76897,21",,10/10/2017 16:56:00,"16,19",,10/10/2017 16:56:00,"31,32",,18/09/2017 23:58:00,"3,1349"
11/10/2017 16:56:00,"76659,8",,11/10/2017 16:56:00,"16,08",,11/10/2017 16:56:00,"31,1",,19/09/2017 23:58:00,"3,1328"
13/10/2017 16:56:00,"76989,79",,13/10/2017 16:56:00,"16,08",,13/10/2017 16:56:00,"32,91",,20/09/2017 23:58:00,"3,1306"
16/10/2017 16:56:00,"76891,84",,16/10/2017 16:56:00,"16,12",,16/10/2017 16:56:00,"33,35",,21/09/2017 23:58:00,"3,1345"
17/10/2017 16:56:00,"76201,25",,17/10/2017 16:56:00,"16,13",,17/10/2017 16:56:00,"32,58",,22/09/2017 23:58:00,"3,1172"
18/10/2017 16:56:00,"76591,09",,18/10/2017 16:56:00,"16,16",,18/10/2017 16:56:00,"32,27",,24/09/2017 23:58:00,"3,1235"
19/10/2017 16:56:00,"76283,16",,19/10/2017 16:56:00,"16,15",,19/10/2017 16:56:00,33,,25/09/2017 23:58:00,"3,1573"
20/10/2017 16:56:00,"76390,51",,20/10/2017 16:56:00,"16,22",,20/10/2017 16:56:00,"32,95",,26/09/2017 23:58:00,"3,1639"
23/10/2017 16:56:00,"75413,13",,24/10/2017 16:56:00,"16,51",,23/10/2017 16:56:00,"32,71",,27/09/2017 23:58:00,"3,1919"
24/10/2017 16:56:00,"76350,19",,25/10/2017 16:56:00,"16,72",,24/10/2017 16:56:00,"33,83",,28/09/2017 23:58:00,"3,1809"
25/10/2017 16:56:00,"76671,13",,26/10/2017 16:56:00,"16,73",,25/10/2017 16:56:00,"33,55",,29/09/2017 23:58:00,"3,1587"
26/10/2017 16:56:00,"75896,35",,27/10/2017 16:56:00,"17,03",,26/10/2017 16:56:00,"32,67",,01/10/2017 23:58:00,"3,1634"
27/10/2017 16:56:00,"75975,71",,30/10/2017 16:56:00,"16,78",,27/10/2017 16:56:00,"32,55",,02/10/2017 23:58:00,"3,1529"
30/10/2017 16:56:00,"74800,33",,31/10/2017 16:56:00,"16,77",,30/10/2017 16:56:00,"32,35",,03/10/2017 23:58:00,"3,1408"
31/10/2017 16:56:00,"74308,49",,01/11/2017 16:56:00,"16,9",,31/10/2017 16:56:00,"32,1",,04/10/2017 23:58:00,"3,1332"
01/11/2017 16:56:00,"73823,74",,03/11/2017 16:56:00,"16,94",,01/11/2017 16:56:00,"32,82",,05/10/2017 23:58:00,"3,1524"
03/11/2017 16:56:00,"73915,43",,06/11/2017 16:56:00,"17,43",,03/11/2017 16:56:00,"33,54",,06/10/2017 23:58:00,"3,1516"
06/11/2017 16:56:00,"74310,79",,07/11/2017 16:56:00,"16,5",,06/11/2017 16:56:00,"34,34",,07/10/2017 23:58:00,"3,1257"
07/11/2017 16:56:00,"72414,88",,08/11/2017 16:56:00,"16,95",,07/11/2017 16:56:00,"33,52",,08/10/2017 23:58:00,"3,1555"
08/11/2017 16:56:00,"74363,13",,09/11/2017 16:56:00,"16,72",,08/11/2017 16:56:00,"33,94",,09/10/2017 23:58:00,"3,1868"
09/11/2017 16:56:00,"72930,69",,10/11/2017 16:56:00,"16,72",,09/11/2017 16:56:00,"32,8",,10/10/2017 23:58:00,"3,1778"
10/11/2017 16:56:00,"72165,64",,13/11/2017 16:56:00,"16,64",,10/11/2017 16:56:00,"32,77",,11/10/2017 23:58:00,"3,1697"
13/11/2017 16:56:00,"72475,17",,14/11/2017 16:56:00,"15,35",,13/11/2017 16:56:00,"33,14",,12/10/2017 23:58:00,"3,169"
14/11/2017 16:56:00,"70826,59",,16/11/2017 16:56:00,"15,81",,14/11/2017 16:56:00,"32,16",,13/10/2017 23:58:00,"3,1408"
16/11/2017 16:56:00,"72511,79",,17/11/2017 16:56:00,"16,02",,16/11/2017 16:56:00,"32,6",,14/10/2017 23:58:00,"3,1435"
17/11/2017 16:56:00,"73437,28",,21/11/2017 16:56:00,"15,9",,17/11/2017 16:56:00,"32,92",,15/10/2017 23:58:00,"3,1462"
21/11/2017 16:56:00,"74594,61",,22/11/2017 16:56:00,"16,11",,21/11/2017 16:56:00,"34,05",,16/10/2017 23:58:00,"3,1703"
22/11/2017 16:56:00,"74518,79",,23/11/2017 16:56:00,"16,19",,22/11/2017 16:56:00,"34,74",,17/10/2017 23:58:00,"3,1561"
23/11/2017 16:56:00,"74486,58",,24/11/2017 16:56:00,"16,1",,23/11/2017 16:56:00,"35,2",,18/10/2017 23:58:00,"3,1701"
24/11/2017 16:56:00,"74157,37",,27/11/2017 16:56:00,"15,87",,24/11/2017 16:56:00,"35,79",,19/10/2017 23:58:00,"3,1649"
27/11/2017 16:56:00,"74058,92",,28/11/2017 16:56:00,"15,84",,27/11/2017 16:56:00,"35,41",,20/10/2017 23:58:00,"3,1876"
28/11/2017 16:56:00,"74139,72",,29/11/2017 16:56:00,"15,33",,28/11/2017 16:56:00,"36,25",,21/10/2017 23:58:00,"3,1922"
29/11/2017 16:56:00,"72700,45",,30/11/2017 16:56:00,"15,38",,29/11/2017 16:56:00,"35,7",,22/10/2017 23:58:00,"3,1909"
30/11/2017 16:56:00,"71970,99",,01/12/2017 16:56:00,"15,61",,30/11/2017 16:56:00,"35,14",,23/10/2017 23:58:00,"3,2344"
01/12/2017 16:56:00,"72264,45",,04/12/2017 16:56:00,"15,48",,01/12/2017 16:56:00,"35,48",,24/10/2017 23:58:00,"3,2426"
04/12/2017 16:56:00,"73090,17",,05/12/2017 16:56:00,"15,31",,04/12/2017 16:56:00,"36,83",,25/10/2017 23:58:00,"3,2312"
05/12/2017 16:56:00,"72546,17",,06/12/2017 16:56:00,"15,52",,05/12/2017 16:56:00,"36,02",,26/10/2017 23:58:00,"3,2865"
06/12/2017 16:56:00,"73268,35",,07/12/2017 16:56:00,"15,26",,06/12/2017 16:56:00,"35,76",,27/10/2017 23:58:00,"3,2313"
07/12/2017 16:56:00,"72487,46",,08/12/2017 16:56:00,"15,35",,07/12/2017 16:56:00,"35,34",,29/10/2017 23:58:00,"3,2348"
08/12/2017 16:56:00,"72731,84",,11/12/2017 16:56:00,"15,38",,08/12/2017 16:56:00,"35,48",,30/10/2017 23:58:00,"3,2873"
11/12/2017 16:56:00,"72800,04",,12/12/2017 16:56:00,"15,49",,11/12/2017 16:56:00,"35,76",,31/10/2017 23:58:00,"3,2696"
12/12/2017 16:56:00,"73813,53",,13/12/2017 16:56:00,"15,18",,12/12/2017 16:56:00,"36,18",,01/11/2017 23:58:00,"3,2662"
13/12/2017 16:56:00,"72914,33",,14/12/2017 16:56:00,"15,01",,13/12/2017 16:56:00,"36,11",,02/11/2017 23:58:00,"3,2646"
14/12/2017 16:56:00,"72428,93",,15/12/2017 16:56:00,"14,95",,14/12/2017 16:56:00,"36,24",,03/11/2017 23:58:00,"3,3094"
15/12/2017 16:56:00,"72607,7",,18/12/2017 16:56:00,"15,22",,15/12/2017 16:56:00,"36,89",,04/11/2017 23:58:00,"3,3129"
18/12/2017 16:56:00,"73115,45",,19/12/2017 16:56:00,"15,14",,18/12/2017 16:56:00,"37,84",,05/11/2017 23:58:00,"3,2926"
19/12/2017 16:56:00,"72680,37",,20/12/2017 16:56:00,"15,24",,19/12/2017 16:56:00,"37,85",,06/11/2017 23:58:00,"3,2479"
20/12/2017 16:56:00,"73367,03",,21/12/2017 16:56:00,"15,86",,20/12/2017 16:56:00,"39,15",,07/11/2017 23:58:00,"3,2701"
21/12/2017 16:56:00,"75133,43",,22/12/2017 16:56:00,"15,75",,21/12/2017 16:56:00,"39,73",,08/11/2017 23:58:00,"3,2513"
22/12/2017 16:56:00,"75186,53",,26/12/2017 16:56:00,"15,97",,22/12/2017 16:56:00,"39,79",,09/11/2017 23:58:00,"3,2487"
26/12/2017 16:56:00,"75707,73",,27/12/2017 16:56:00,"16,05",,26/12/2017 16:56:00,"39,85",,10/11/2017 23:58:00,"3,2729"
27/12/2017 16:56:00,"76072,54",,28/12/2017 16:56:00,"16,1",,27/12/2017 16:56:00,"39,86",,11/11/2017 23:58:00,"3,2729"
28/12/2017 16:56:00,"76402,08",,02/01/2018 16:56:00,"16,55",,28/12/2017 16:56:00,"40,26",,12/11/2017 23:58:00,"3,2764"
02/01/2018 16:56:00,"77891,04",,03/01/2018 16:56:00,"16,7",,02/01/2018 16:56:00,"41,72",,13/11/2017 23:58:00,"3,2759"
03/01/2018 16:56:00,"77995,16",,04/01/2018 16:56:00,"16,73",,03/01/2018 16:56:00,"41,47",,14/11/2017 23:58:00,"3,3119"
04/01/2018 16:56:00,"78647,42",,05/01/2018 16:56:00,"16,83",,04/01/2018 16:56:00,"41,64",,15/11/2017 23:58:00,"3,31"
05/01/2018 16:56:00,"79071,47",,08/01/2018 16:56:00,"17,03",,05/01/2018 16:56:00,"42,29",,16/11/2017 23:58:00,"3,2706"
08/01/2018 16:56:00,"79378,54",,09/01/2018 16:56:00,"17,03",,08/01/2018 16:56:00,"43,23",,17/11/2017 23:58:00,"3,2524"
09/01/2018 16:56:00,"78863,54",,10/01/2018 16:56:00,"16,8",,09/01/2018 16:56:00,"43,07",,18/11/2017 23:58:00,"3,2524"
10/01/2018 16:56:00,"78200,57",,11/01/2018 16:56:00,"17,25",,10/01/2018 16:56:00,"42,47",,19/11/2017 23:58:00,"3,2545"
11/01/2018 16:56:00,"79365,44",,12/01/2018 16:56:00,"17,3",,11/01/2018 16:56:00,"43,3",,20/11/2017 23:58:00,"3,254"
12/01/2018 16:56:00,"79349,12",,15/01/2018 16:56:00,"17,35",,12/01/2018 16:56:00,"43,55",,21/11/2017 23:58:00,"3,2573"
15/01/2018 16:56:00,"79752,37",,16/01/2018 16:56:00,"17,65",,15/01/2018 16:56:00,"43,47",,22/11/2017 23:58:00,"3,2229"
16/01/2018 16:56:00,"79831,76",,17/01/2018 16:56:00,"18,36",,16/01/2018 16:56:00,"42,3",,23/11/2017 23:58:00,"3,2203"
17/01/2018 16:56:00,"81189,16",,18/01/2018 16:56:00,"18,22",,17/01/2018 16:56:00,"43,15",,24/11/2017 23:58:00,"3,228"
18/01/2018 16:56:00,"80962,65",,19/01/2018 16:56:00,"18,26",,18/01/2018 16:56:00,"42,86",,25/11/2017 23:58:00,"3,2315"
19/01/2018 16:56:00,"81219,5",,22/01/2018 16:56:00,"18,47",,19/01/2018 16:56:00,"42,88",,26/11/2017 23:58:00,"3,2329"
22/01/2018 16:56:00,"81675,42",,23/01/2018 16:56:00,"18,24",,22/01/2018 16:56:00,"42,65",,27/11/2017 23:58:00,"3,2264"
23/01/2018 16:56:00,"80643,43",,24/01/2018 16:56:00,"19,34",,23/01/2018 16:56:00,"40,93",,28/11/2017 23:58:00,"3,2097"
24/01/2018 16:56:00,83680,,26/01/2018 16:56:00,"19,93",,24/01/2018 16:56:00,"41,78",,29/11/2017 23:58:00,"3,2448"
26/01/2018 16:56:00,"85530,84",,29/01/2018 16:56:00,"19,85",,26/01/2018 16:56:00,"41,43",,30/11/2017 23:58:00,"3,2712"
29/01/2018 16:56:00,"84698,01",,30/01/2018 16:56:00,"19,49",,29/01/2018 16:56:00,"41,89",,01/12/2017 23:58:00,"3,2531"
30/01/2018 16:56:00,"84482,46",,31/01/2018 16:56:00,"19,7",,30/01/2018 16:56:00,"41,47",,02/12/2017 23:58:00,"3,253"
31/01/2018 16:56:00,"84912,7",,01/02/2018 16:56:00,"20,52",,31/01/2018 16:56:00,"41,45",,03/12/2017 23:58:00,"3,2574"
01/02/2018 16:56:00,"85495,24",,02/02/2018 16:56:00,"19,97",,01/02/2018 16:56:00,"41,79",,04/12/2017 23:58:00,"3,2426"
02/02/2018 16:56:00,"84041,34",,05/02/2018 16:56:00,"19,04",,02/02/2018 16:56:00,"40,8",,05/12/2017 23:58:00,"3,2403"
05/02/2018 16:56:00,"81861,09",,06/02/2018 16:56:00,"19,99",,05/02/2018 16:56:00,"40,35",,06/12/2017 23:58:00,"3,2343"
06/02/2018 16:56:00,"83894,04",,07/02/2018 16:56:00,"19,44",,06/02/2018 16:56:00,"42,47",,07/12/2017 23:58:00,"3,2872"
07/02/2018 16:56:00,"82766,73",,08/02/2018 16:56:00,"19,05",,07/02/2018 16:56:00,"41,71",,08/12/2017 23:58:00,"3,2859"
08/02/2018 16:56:00,"81532,53",,09/02/2018 16:56:00,"18,77",,08/02/2018 16:56:00,"41,59",,09/12/2017 23:58:00,"3,2878"
09/02/2018 16:56:00,"80898,7",,14/02/2018 16:56:00,"19,25",,09/02/2018 16:56:00,42,,10/12/2017 23:58:00,"3,2878"
14/02/2018 16:56:00,"83542,84",,15/02/2018 16:56:00,"19,4",,14/02/2018 16:56:00,"44,51",,11/12/2017 23:58:00,"3,3033"
15/02/2018 16:56:00,"84290,57",,16/02/2018 16:56:00,"19,42",,15/02/2018 16:56:00,"45,95",,12/12/2017 23:58:00,"3,3031"
16/02/2018 16:56:00,"84524,58",,19/02/2018 16:56:00,"20,05",,16/02/2018 16:56:00,"46,03",,13/12/2017 23:58:00,"3,3086"
19/02/2018 16:56:00,"84792,71",,20/02/2018 16:56:00,"20,44",,19/02/2018 16:56:00,"46,45",,14/12/2017 23:58:00,"3,3404"
20/02/2018 16:56:00,"85803,96",,21/02/2018 16:56:00,"20,25",,20/02/2018 16:56:00,"45,51",,15/12/2017 23:58:00,"3,2897"
21/02/2018 16:56:00,"86051,82",,22/02/2018 16:56:00,"20,74",,21/02/2018 16:56:00,"44,8",,17/12/2017 23:58:00,"3,292"
22/02/2018 16:56:00,"86686,45",,23/02/2018 16:56:00,"21,12",,22/02/2018 16:56:00,"45,67",,18/12/2017 23:58:00,"3,2905"
23/02/2018 16:56:00,"87293,24",,26/02/2018 16:56:00,"21,52",,23/02/2018 16:56:00,"46,08",,19/12/2017 23:58:00,"3,2885"
26/02/2018 16:56:00,"87652,64",,27/02/2018 16:56:00,"21,5",,26/02/2018 16:56:00,"47,4",,20/12/2017 23:58:00,"3,2965"
27/02/2018 16:56:00,"86935,44",,28/02/2018 16:56:00,"21,46",,27/02/2018 16:56:00,"47,33",,21/12/2017 23:58:00,"3,3068"
28/02/2018 16:56:00,"85353,6",,01/03/2018 16:56:00,"21,03",,28/02/2018 16:56:00,"45,05",,22/12/2017 23:58:00,"3,332"
01/03/2018 16:56:00,"85377,79",,02/03/2018 16:56:00,"21,51",,01/03/2018 16:56:00,"44,45",,23/12/2017 23:58:00,"3,3355"
02/03/2018 16:56:00,"85761,34",,05/03/2018 16:56:00,"22,12",,02/03/2018 16:56:00,"43,75",,24/12/2017 23:58:00,"3,338"
05/03/2018 16:56:00,"86022,83",,06/03/2018 16:56:00,"21,9",,05/03/2018 16:56:00,"43,7",,25/12/2017 23:58:00,"3,3355"
06/03/2018 16:56:00,"85653,02",,07/03/2018 16:56:00,"21,67",,06/03/2018 16:56:00,"43,49",,26/12/2017 23:58:00,"3,3097"
07/03/2018 16:56:00,"85483,55",,08/03/2018 16:56:00,"21,7",,07/03/2018 16:56:00,"42,85",,27/12/2017 23:58:00,"3,3133"
08/03/2018 16:56:00,"84984,61",,09/03/2018 16:56:00,"22,39",,08/03/2018 16:56:00,"41,46",,28/12/2017 23:58:00,"3,3111"
09/03/2018 16:56:00,"86371,41",,12/03/2018 16:56:00,"22,33",,09/03/2018 16:56:00,"42,1",,29/12/2017 23:58:00,"3,3075"
12/03/2018 16:56:00,"86900,43",,13/03/2018 16:56:00,"22,11",,12/03/2018 16:56:00,"42,46",,30/12/2017 23:58:00,"3,311"
13/03/2018 16:56:00,"86383,85",,14/03/2018 16:56:00,"22,38",,13/03/2018 16:56:00,"42,13",,31/12/2017 23:58:00,"3,3076"
14/03/2018 16:56:00,"86050,96",,15/03/2018 16:56:00,"21,31",,14/03/2018 16:56:00,"42,6",,01/01/2018 23:58:00,"3,311"
15/03/2018 16:56:00,"84928,2",,16/03/2018 16:56:00,"21,43",,15/03/2018 16:56:00,"42,4",,02/01/2018 23:58:00,"3,2578"
16/03/2018 16:56:00,"84886,49",,19/03/2018 16:56:00,"20,93",,16/03/2018 16:56:00,"42,3",,03/01/2018 23:58:00,"3,2355"
19/03/2018 16:56:00,"83913,06",,20/03/2018 16:56:00,"21,16",,19/03/2018 16:56:00,"41,1",,04/01/2018 23:58:00,"3,2331"
20/03/2018 16:56:00,"84163,8",,21/03/2018 16:56:00,"22,05",,20/03/2018 16:56:00,"41,6",,05/01/2018 23:58:00,"3,2259"
21/03/2018 16:56:00,"84976,59",,22/03/2018 16:56:00,"21,72",,21/03/2018 16:56:00,"42,5",,07/01/2018 23:58:00,"3,2266"
22/03/2018 16:56:00,"84767,88",,23/03/2018 16:56:00,"21,75",,22/03/2018 16:56:00,"41,93",,08/01/2018 23:58:00,"3,239"
23/03/2018 16:56:00,"84377,19",,26/03/2018 16:56:00,"22,03",,23/03/2018 16:56:00,"41,6",,09/01/2018 23:58:00,"3,2468"
26/03/2018 16:56:00,"85087,86",,27/03/2018 16:56:00,"21,44",,26/03/2018 16:56:00,42,,10/01/2018 23:58:00,"3,2264"
27/03/2018 16:56:00,"83808,06",,28/03/2018 16:56:00,"21,2",,27/03/2018 16:56:00,"40,86",,11/01/2018 23:58:00,"3,2142"
28/03/2018 16:56:00,"83874,14",,29/03/2018 16:56:00,"21,41",,28/03/2018 16:56:00,"41,54",,12/01/2018 23:58:00,"3,1989"
29/03/2018 16:56:00,"85365,56",,02/04/2018 16:56:00,"20,9",,29/03/2018 16:56:00,"42,21",,13/01/2018 23:58:00,"3,2007"
02/04/2018 16:56:00,"84666,44",,03/04/2018 16:56:00,"20,71",,02/04/2018 16:56:00,43,,14/01/2018 23:58:00,"3,2007"
03/04/2018 16:56:00,"84623,46",,04/04/2018 16:56:00,"20,38",,03/04/2018 16:56:00,"42,87",,15/01/2018 23:58:00,"3,2132"
04/04/2018 16:56:00,"84359,69",,05/04/2018 16:56:00,"21,15",,04/04/2018 16:56:00,"42,55",,16/01/2018 23:58:00,"3,2227"
05/04/2018 16:56:00,"85209,66",,06/04/2018 16:56:00,"21,28",,05/04/2018 16:56:00,"43,25",,17/01/2018 23:58:00,"3,2222"
06/04/2018 16:56:00,"84820,42",,09/04/2018 16:56:00,"20,53",,06/04/2018 16:56:00,"42,74",,18/01/2018 23:58:00,"3,2051"
09/04/2018 16:56:00,"83307,23",,10/04/2018 16:56:00,"21,4",,09/04/2018 16:56:00,"42,95",,19/01/2018 23:58:00,"3,1912"
10/04/2018 16:56:00,"84510,36",,11/04/2018 16:56:00,"21,8",,10/04/2018 16:56:00,"44,84",,20/01/2018 23:58:00,"3,1912"
11/04/2018 16:56:00,"85245,59",,12/04/2018 16:56:00,"21,68",,11/04/2018 16:56:00,"44,64",,21/01/2018 23:58:00,"3,1947"
12/04/2018 16:56:00,"85443,53",,13/04/2018 16:56:00,"21,2",,12/04/2018 16:56:00,"44,81",,22/01/2018 23:58:00,"3,2007"
13/04/2018 16:56:00,"84334,41",,16/04/2018 16:56:00,"20,62",,13/04/2018 16:56:00,"44,98",,23/01/2018 23:58:00,"3,2355"
16/04/2018 16:56:00,"82861,58",,17/04/2018 16:56:00,"21,03",,16/04/2018 16:56:00,"44,54",,24/01/2018 23:58:00,"3,1451"
17/04/2018 16:56:00,"84086,13",,18/04/2018 16:56:00,"21,8",,17/04/2018 16:56:00,"45,93",,25/01/2018 23:58:00,"3,1469"
18/04/2018 16:56:00,"85776,46",,19/04/2018 16:56:00,"22,2",,18/04/2018 16:56:00,"47,48",,26/01/2018 23:58:00,"3,1509"
19/04/2018 16:56:00,"85824,26",,20/04/2018 16:56:00,"22,36",,19/04/2018 16:56:00,"47,83",,28/01/2018 23:58:00,"3,151"
20/04/2018 16:56:00,"85550,09",,23/04/2018 16:56:00,"22,48",,20/04/2018 16:56:00,"47,63",,29/01/2018 23:58:00,"3,1536"
23/04/2018 16:56:00,"85602,5",,24/04/2018 16:56:00,"22,4",,23/04/2018 16:56:00,"47,5",,30/01/2018 23:58:00,"3,1795"
24/04/2018 16:56:00,"85469,08",,25/04/2018 16:56:00,"21,73",,24/04/2018 16:56:00,"48,31",,31/01/2018 23:58:00,"3,1847"
25/04/2018 16:56:00,"85044,39",,26/04/2018 16:56:00,"22,63",,25/04/2018 16:56:00,"47,95",,01/02/2018 23:58:00,"3,1637"
26/04/2018 16:56:00,"86383,2",,27/04/2018 16:56:00,"22,71",,26/04/2018 16:56:00,"48,7",,02/02/2018 23:58:00,"3,2169"
27/04/2018 16:56:00,"86444,66",,30/04/2018 16:56:00,"22,97",,27/04/2018 16:56:00,"48,35",,03/02/2018 23:58:00,"3,2169"
30/04/2018 16:56:00,"86115,5",,02/05/2018 16:56:00,"22,6",,30/04/2018 16:56:00,"48,67",,04/02/2018 23:58:00,"3,2154"
02/05/2018 16:56:00,"84547,09",,03/05/2018 16:56:00,"22,45",,02/05/2018 16:56:00,"48,71",,05/02/2018 23:58:00,"3,2611"
03/05/2018 16:56:00,"83288,14",,04/05/2018 16:56:00,"22,27",,03/05/2018 16:56:00,"49,09",,06/02/2018 23:58:00,"3,2334"
04/05/2018 16:56:00,"83118,03",,07/05/2018 16:56:00,"22,65",,04/05/2018 16:56:00,"49,7",,07/02/2018 23:58:00,"3,2699"
07/05/2018 16:56:00,"82714,43",,08/05/2018 16:56:00,"22,91",,07/05/2018 16:56:00,"49,24",,08/02/2018 23:58:00,"3,2846"
08/05/2018 16:56:00,"82956,05",,09/05/2018 16:56:00,"24,78",,08/05/2018 16:56:00,"49,19",,09/02/2018 23:58:00,"3,2928"
09/05/2018 16:56:00,"84265,49",,10/05/2018 16:56:00,"25,75",,09/05/2018 16:56:00,"50,25",,10/02/2018 23:58:00,"3,2928"
10/05/2018 16:56:00,"85861,2",,11/05/2018 16:56:00,"25,44",,10/05/2018 16:56:00,"51,4",,11/02/2018 23:58:00,"3,2908"
11/05/2018 16:56:00,"85220,24",,14/05/2018 16:56:00,"26,24",,11/05/2018 16:56:00,"52,63",,12/02/2018 23:58:00,"3,294"
14/05/2018 16:56:00,"85232,18",,15/05/2018 16:56:00,"26,79",,14/05/2018 16:56:00,"54,27",,13/02/2018 23:58:00,"3,2942"
15/05/2018 16:56:00,"85130,42",,16/05/2018 16:56:00,"27,39",,15/05/2018 16:56:00,"54,65",,14/02/2018 23:58:00,"3,2162"
16/05/2018 16:56:00,"86536,97",,17/05/2018 16:56:00,"25,95",,16/05/2018 16:56:00,"55,9",,15/02/2018 23:58:00,"3,2264"
17/05/2018 16:56:00,"83621,95",,18/05/2018 16:56:00,"25,65",,17/05/2018 16:56:00,"55,38",,16/02/2018 23:58:00,"3,2298"
18/05/2018 16:56:00,"83081,88",,21/05/2018 16:56:00,"25,05",,18/05/2018 16:56:00,"54,77",,17/02/2018 23:58:00,"3,2298"
21/05/2018 16:56:00,"81815,32",,22/05/2018 16:56:00,"24,71",,21/05/2018 16:56:00,53,,18/02/2018 23:58:00,"3,2282"
22/05/2018 16:56:00,"82738,88",,23/05/2018 16:56:00,"23,27",,22/05/2018 16:56:00,"52,34",,19/02/2018 23:58:00,"3,2331"
23/05/2018 16:56:00,"80867,29",,24/05/2018 16:56:00,"20,08",,23/05/2018 16:56:00,"51,94",,20/02/2018 23:58:00,"3,2543"
24/05/2018 16:56:00,"80122,31",,25/05/2018 16:56:00,"19,8",,24/05/2018 16:56:00,"52,46",,21/02/2018 23:58:00,"3,2676"
25/05/2018 16:56:00,"78897,66",,28/05/2018 16:56:00,"16,91",,25/05/2018 16:56:00,"51,48",,22/02/2018 23:58:00,"3,2487"
28/05/2018 16:56:00,"75355,84",,29/05/2018 16:56:00,"19,3",,28/05/2018 16:56:00,"51,07",,23/02/2018 23:58:00,"3,2366"
29/05/2018 16:56:00,"76071,97",,30/05/2018 16:56:00,"18,98",,29/05/2018 16:56:00,"50,16",,24/02/2018 23:58:00,"3,2329"
30/05/2018 16:56:00,"76753,61",,01/06/2018 16:56:00,"16,16",,30/05/2018 16:56:00,"50,63",,25/02/2018 23:58:00,"3,2372"
01/06/2018 16:56:00,"77239,75",,04/06/2018 16:56:00,"17,53",,01/06/2018 16:56:00,"52,76",,26/02/2018 23:58:00,"3,2225"
04/06/2018 16:56:00,"78596,06",,05/06/2018 16:56:00,"16,59",,04/06/2018 16:56:00,"52,52",,27/02/2018 23:58:00,"3,2485"
05/06/2018 16:56:00,"76641,72",,06/06/2018 16:56:00,"16,33",,05/06/2018 16:56:00,"53,73",,28/02/2018 23:58:00,"3,2448"
06/06/2018 16:56:00,"76117,22",,07/06/2018 16:56:00,"15,76",,06/06/2018 16:56:00,"56,07",,01/03/2018 23:58:00,"3,25"
07/06/2018 16:56:00,"73851,46",,08/06/2018 16:56:00,"15,25",,07/06/2018 16:56:00,"54,37",,02/03/2018 23:58:00,"3,2505"
08/06/2018 16:56:00,"72942,07",,11/06/2018 16:56:00,"15,41",,08/06/2018 16:56:00,"50,89",,03/03/2018 23:58:00,"3,2505"
11/06/2018 16:56:00,"72307,77",,12/06/2018 16:56:00,"15,46",,11/06/2018 16:56:00,"50,85",,04/03/2018 23:58:00,"3,2496"
12/06/2018 16:56:00,"72754,13",,13/06/2018 16:56:00,"15,17",,12/06/2018 16:56:00,"51,7",,05/03/2018 23:58:00,"3,241"
13/06/2018 16:56:00,"72122,14",,14/06/2018 16:56:00,"15,1",,13/06/2018 16:56:00,"51,55",,06/03/2018 23:58:00,"3,208"
14/06/2018 16:56:00,"71421,19",,15/06/2018 16:56:00,"14,97",,14/06/2018 16:56:00,"51,71",,07/03/2018 23:58:00,"3,2429"
15/06/2018 16:56:00,"70757,73",,18/06/2018 16:56:00,"14,5",,15/06/2018 16:56:00,"49,13",,08/03/2018 23:58:00,"3,2661"
18/06/2018 16:56:00,"69814,74",,19/06/2018 16:56:00,"15,42",,18/06/2018 16:56:00,"49,21",,09/03/2018 23:58:00,"3,2573"
19/06/2018 16:56:00,"71394,34",,20/06/2018 16:56:00,"16,21",,19/06/2018 16:56:00,"48,3",,11/03/2018 23:58:00,"3,2561"
20/06/2018 16:56:00,"72123,41",,21/06/2018 16:56:00,"15,1",,20/06/2018 16:56:00,"48,81",,12/03/2018 23:58:00,"3,2603"
21/06/2018 16:56:00,"70074,9",,22/06/2018 16:56:00,"15,11",,21/06/2018 16:56:00,"47,21",,13/03/2018 23:58:00,"3,2587"
22/06/2018 16:56:00,"70640,65",,25/06/2018 16:56:00,"15,7",,22/06/2018 16:56:00,"48,01",,14/03/2018 23:58:00,"3,2585"
25/06/2018 16:56:00,"70952,97",,26/06/2018 16:56:00,"16,04",,25/06/2018 16:56:00,"47,16",,15/03/2018 23:58:00,"3,2821"
26/06/2018 16:56:00,"71404,59",,27/06/2018 16:56:00,"16,55",,26/06/2018 16:56:00,"48,34",,16/03/2018 23:58:00,"3,279"
27/06/2018 16:56:00,70609,,28/06/2018 16:56:00,"16,6",,27/06/2018 16:56:00,"48,15",,18/03/2018 23:58:00,"3,2801"
28/06/2018 16:56:00,"71766,52",,29/06/2018 16:56:00,"17,19",,28/06/2018 16:56:00,"49,07",,19/03/2018 23:58:00,"3,2841"
29/06/2018 16:56:00,"72762,51",,02/07/2018 16:56:00,"17,47",,29/06/2018 16:56:00,"49,59",,20/03/2018 23:58:00,"3,3087"
02/07/2018 16:56:00,"72839,74",,03/07/2018 16:56:00,"17,5",,02/07/2018 16:56:00,"48,76",,21/03/2018 23:58:00,"3,2727"
03/07/2018 16:56:00,"73667,75",,04/07/2018 16:56:00,"17,61",,03/07/2018 16:56:00,"47,96",,22/03/2018 23:58:00,"3,3141"
04/07/2018 16:56:00,"74743,11",,05/07/2018 16:56:00,"17,86",,04/07/2018 16:56:00,"48,03",,23/03/2018 23:58:00,"3,3105"
05/07/2018 16:56:00,"74553,06",,06/07/2018 16:56:00,"17,94",,05/07/2018 16:56:00,"49,7",,24/03/2018 23:58:00,"3,3105"
06/07/2018 16:56:00,"75010,39",,10/07/2018 16:56:00,"17,75",,06/07/2018 16:56:00,"50,34",,25/03/2018 23:58:00,"3,3145"
10/07/2018 16:56:00,"74862,38",,11/07/2018 16:56:00,"17,41",,10/07/2018 16:56:00,"49,53",,26/03/2018 23:58:00,"3,3103"
11/07/2018 16:56:00,"74398,55",,12/07/2018 16:56:00,"17,95",,11/07/2018 16:56:00,"48,86",,27/03/2018 23:58:00,"3,3229"
12/07/2018 16:56:00,"75856,22",,13/07/2018 16:56:00,"18,11",,12/07/2018 16:56:00,"50,45",,28/03/2018 23:58:00,"3,3193"
13/07/2018 16:56:00,"76594,35",,16/07/2018 16:56:00,"17,88",,13/07/2018 16:56:00,"50,31",,29/03/2018 23:58:00,"3,3035"
16/07/2018 16:56:00,"76652,58",,17/07/2018 16:56:00,"18,29",,16/07/2018 16:56:00,50,,30/03/2018 23:58:00,"3,3036"
17/07/2018 16:56:00,"78130,3",,18/07/2018 16:56:00,"18,05",,17/07/2018 16:56:00,"50,7",,31/03/2018 23:58:00,"3,3036"
18/07/2018 16:56:00,"77362,63",,19/07/2018 16:56:00,"18,4",,18/07/2018 16:56:00,"51,45",,01/04/2018 23:58:00,"3,302"
19/07/2018 16:56:00,"77486,84",,20/07/2018 16:56:00,"19,29",,19/07/2018 16:56:00,"49,43",,02/04/2018 23:58:00,"3,3094"
20/07/2018 16:56:00,"78571,29",,23/07/2018 16:56:00,"19,26",,20/07/2018 16:56:00,"48,72",,03/04/2018 23:58:00,"3,3394"
23/07/2018 16:56:00,"77996,12",,24/07/2018 16:56:00,"19,66",,23/07/2018 16:56:00,"49,6",,04/04/2018 23:58:00,"3,3277"
24/07/2018 16:56:00,"79154,98",,25/07/2018 16:56:00,"19,96",,24/07/2018 16:56:00,"51,31",,05/04/2018 23:58:00,"3,3416"
25/07/2018 16:56:00,"80218,04",,26/07/2018 16:56:00,"19,41",,25/07/2018 16:56:00,"51,75",,06/04/2018 23:58:00,"3,3678"
26/07/2018 16:56:00,"79405,34",,27/07/2018 16:56:00,"19,77",,26/07/2018 16:56:00,"52,78",,07/04/2018 23:58:00,"3,3665"
27/07/2018 16:56:00,"79866,1",,30/07/2018 16:56:00,"19,89",,27/07/2018 16:56:00,"53,45",,08/04/2018 23:58:00,"3,3675"
30/07/2018 16:56:00,"80275,59",,31/07/2018 16:56:00,"19,72",,30/07/2018 16:56:00,"54,33",,09/04/2018 23:58:00,"3,421"
31/07/2018 16:56:00,"79220,43",,01/08/2018 16:56:00,"20,01",,31/07/2018 16:56:00,"54,84",,10/04/2018 23:58:00,"3,4073"
01/08/2018 16:56:00,"79301,65",,02/08/2018 16:56:00,"20,41",,01/08/2018 16:56:00,"53,06",,11/04/2018 23:58:00,"3,3731"
02/08/2018 16:56:00,"79636,69",,03/08/2018 16:56:00,"21,11",,02/08/2018 16:56:00,"52,84",,12/04/2018 23:58:00,"3,411"
03/08/2018 16:56:00,"81434,98",,06/08/2018 16:56:00,"21,04",,03/08/2018 16:56:00,"52,55",,13/04/2018 23:58:00,"3,4212"
06/08/2018 16:56:00,"81050,76",,07/08/2018 16:56:00,"20,71",,06/08/2018 16:56:00,"52,4",,15/04/2018 23:58:00,"3,4243"
07/08/2018 16:56:00,"80346,52",,08/08/2018 16:56:00,"20,14",,07/08/2018 16:56:00,"52,75",,16/04/2018 23:58:00,"3,4161"
08/08/2018 16:56:00,"79151,7",,09/08/2018 16:56:00,"20,34",,08/08/2018 16:56:00,"52,4",,17/04/2018 23:58:00,"3,4058"
09/08/2018 16:56:00,"78767,99",,10/08/2018 16:56:00,"19,59",,09/08/2018 16:56:00,"51,84",,18/04/2018 23:58:00,"3,3771"
10/08/2018 16:56:00,"76514,35",,13/08/2018 16:56:00,"20,04",,10/08/2018 16:56:00,"51,71",,19/04/2018 23:58:00,"3,3827"
13/08/2018 16:56:00,"77496,45",,14/08/2018 16:56:00,"19,98",,13/08/2018 16:56:00,"52,28",,20/04/2018 23:58:00,"3,4114"
14/08/2018 16:56:00,"78602,11",,15/08/2018 16:56:00,"19,05",,14/08/2018 16:56:00,"52,76",,21/04/2018 23:58:00,"3,4103"
15/08/2018 16:56:00,"77077,99",,16/08/2018 16:56:00,"18,95",,15/08/2018 16:56:00,"50,41",,22/04/2018 23:58:00,"3,4137"
16/08/2018 16:56:00,"76818,72",,17/08/2018 16:56:00,"18,46",,16/08/2018 16:56:00,"49,72",,23/04/2018 23:58:00,"3,4489"
17/08/2018 16:56:00,"76028,5",,20/08/2018 16:56:00,"18,36",,17/08/2018 16:56:00,"50,8",,24/04/2018 23:58:00,"3,4715"
20/08/2018 16:56:00,"76327,89",,21/08/2018 16:56:00,"17,72",,20/08/2018 16:56:00,"51,44",,25/04/2018 23:58:00,"3,4809"
21/08/2018 16:56:00,"75180,4",,22/08/2018 16:56:00,"18,35",,21/08/2018 16:56:00,"51,73",,26/04/2018 23:58:00,"3,4742"
22/08/2018 16:56:00,"76902,3",,23/08/2018 16:56:00,"17,95",,22/08/2018 16:56:00,"53,3",,27/04/2018 23:58:00,"3,4559"
23/08/2018 16:56:00,"75633,77",,24/08/2018 16:56:00,"18,3",,23/08/2018 16:56:00,"53,35",,29/04/2018 23:58:00,"3,4581"
24/08/2018 16:56:00,"76262,23",,27/08/2018 16:56:00,"18,71",,24/08/2018 16:56:00,"54,15",,30/04/2018 23:58:00,"3,5058"
27/08/2018 16:56:00,"77929,68",,28/08/2018 16:56:00,"18,35",,27/08/2018 16:56:00,"55,67",,01/05/2018 23:58:00,"3,5061"
28/08/2018 16:56:00,"77473,18",,29/08/2018 16:56:00,"19,3",,28/08/2018 16:56:00,"55,65",,02/05/2018 23:58:00,"3,5496"
29/08/2018 16:56:00,"78388,83",,30/08/2018 16:56:00,"18,8",,29/08/2018 16:56:00,"55,22",,03/05/2018 23:58:00,"3,5266"
30/08/2018 16:56:00,"76404,09",,31/08/2018 16:56:00,"19,26",,30/08/2018 16:56:00,"54,57",,04/05/2018 23:58:00,"3,5284"
31/08/2018 16:56:00,"76677,53",,03/09/2018 16:56:00,19,,31/08/2018 16:56:00,"53,62",,05/05/2018 23:58:00,"3,5046"
03/09/2018 16:56:00,"76192,73",,04/09/2018 16:56:00,"18,65",,03/09/2018 16:56:00,"54,05",,06/05/2018 23:58:00,"3,5255"
04/09/2018 16:56:00,"74711,8",,05/09/2018 16:56:00,"18,75",,04/09/2018 16:56:00,52,,07/05/2018 23:58:00,"3,5492"
05/09/2018 16:56:00,"75092,27",,06/09/2018 16:56:00,"18,99",,05/09/2018 16:56:00,"52,15",,08/05/2018 23:58:00,"3,5619"
06/09/2018 16:56:00,"76416,01",,10/09/2018 16:56:00,"19,26",,06/09/2018 16:56:00,"53,48",,09/05/2018 23:58:00,"3,5903"
10/09/2018 16:56:00,"76436,35",,11/09/2018 16:56:00,"18,5",,10/09/2018 16:56:00,"53,22",,10/05/2018 23:58:00,"3,5495"
11/09/2018 16:56:00,"74656,51",,12/09/2018 16:56:00,"18,95",,11/09/2018 16:56:00,"52,59",,11/05/2018 23:58:00,"3,5977"
12/09/2018 16:56:00,"75124,81",,13/09/2018 16:56:00,"18,71",,12/09/2018 16:56:00,"53,45",,12/05/2018 23:58:00,"3,5995"
13/09/2018 16:56:00,"74686,67",,14/09/2018 16:56:00,"18,79",,13/09/2018 16:56:00,"53,78",,13/05/2018 23:58:00,"3,6029"
14/09/2018 16:56:00,"75429,09",,17/09/2018 16:56:00,"19,4",,14/09/2018 16:56:00,"55,2",,14/05/2018 23:58:00,"3,6216"
17/09/2018 16:56:00,"76788,85",,18/09/2018 16:56:00,"20,25",,17/09/2018 16:56:00,"55,04",,15/05/2018 23:58:00,"3,6487"
18/09/2018 16:56:00,"78313,96",,19/09/2018 16:56:00,"19,98",,18/09/2018 16:56:00,"57,34",,16/05/2018 23:58:00,"3,6744"
19/09/2018 16:56:00,"78168,66",,20/09/2018 16:56:00,"19,87",,19/09/2018 16:56:00,"58,58",,17/05/2018 23:58:00,"3,6951"
20/09/2018 16:56:00,"78116,01",,21/09/2018 16:56:00,"20,14",,20/09/2018 16:56:00,"59,32",,18/05/2018 23:58:00,"3,7365"
21/09/2018 16:56:00,"79444,29",,24/09/2018 16:56:00,20,,21/09/2018 16:56:00,"61,01",,19/05/2018 23:58:00,"3,736"
24/09/2018 16:56:00,"77984,18",,25/09/2018 16:56:00,"20,08",,24/09/2018 16:56:00,"60,2",,20/05/2018 23:58:00,"3,7384"
25/09/2018 16:56:00,"78630,14",,26/09/2018 16:56:00,"20,19",,25/09/2018 16:56:00,"62,2",,21/05/2018 23:58:00,"3,6757"
26/09/2018 16:56:00,"78656,16",,27/09/2018 16:56:00,"21,46",,26/09/2018 16:56:00,"60,01",,22/05/2018 23:58:00,"3,646"
27/09/2018 16:56:00,"80000,09",,28/09/2018 16:56:00,"21,09",,27/09/2018 16:56:00,"59,48",,23/05/2018 23:58:00,"3,6256"
28/09/2018 16:56:00,"79342,42",,01/10/2018 16:56:00,21,,28/09/2018 16:56:00,"59,82",,24/05/2018 23:58:00,"3,6481"
01/10/2018 16:56:00,"78623,66",,02/10/2018 16:56:00,"22,82",,01/10/2018 16:56:00,"60,4",,25/05/2018 23:58:00,"3,6524"
02/10/2018 16:56:00,"81612,28",,03/10/2018 16:56:00,"23,79",,02/10/2018 16:56:00,"61,2",,26/05/2018 23:58:00,"3,6731"
03/10/2018 16:56:00,"83273,4",,04/10/2018 16:56:00,"24,02",,03/10/2018 16:56:00,"59,95",,27/05/2018 23:58:00,"3,6262"
04/10/2018 16:56:00,"82952,81",,05/10/2018 16:56:00,"23,96",,04/10/2018 16:56:00,"58,8",,28/05/2018 23:58:00,"3,7342"
05/10/2018 16:56:00,"82321,52",,08/10/2018 16:56:00,"26,6",,05/10/2018 16:56:00,"57,49",,29/05/2018 23:58:00,"3,7241"
08/10/2018 16:56:00,"86083,91",,09/10/2018 16:56:00,"26,82",,08/10/2018 16:56:00,"57,05",,30/05/2018 23:58:00,"3,7221"
09/10/2018 16:56:00,"86087,55",,10/10/2018 16:56:00,"26,05",,09/10/2018 16:56:00,"57,7",,31/05/2018 23:58:00,"3,722"
10/10/2018 16:56:00,"83679,11",,11/10/2018 16:56:00,"25,29",,10/10/2018 16:56:00,"55,89",,01/06/2018 23:58:00,"3,7643"
11/10/2018 16:56:00,"82921,08",,15/10/2018 16:56:00,"25,77",,11/10/2018 16:56:00,"56,48",,02/06/2018 23:58:00,"3,7587"
15/10/2018 16:56:00,"83359,76",,16/10/2018 16:56:00,"26,73",,15/10/2018 16:56:00,"57,67",,03/06/2018 23:58:00,"3,7616"
16/10/2018 16:56:00,"85717,56",,17/10/2018 16:56:00,"26,45",,16/10/2018 16:56:00,"57,7",,04/06/2018 23:58:00,"3,7445"
17/10/2018 16:56:00,"85763,95",,18/10/2018 16:56:00,"25,7",,17/10/2018 16:56:00,"58,8",,05/06/2018 23:58:00,"3,8043"
18/10/2018 16:56:00,"83847,12",,19/10/2018 16:56:00,"25,92",,18/10/2018 16:56:00,"56,5",,06/06/2018 23:58:00,"3,8434"
19/10/2018 16:56:00,"84219,74",,22/10/2018 16:56:00,"26,53",,19/10/2018 16:56:00,"56,53",,07/06/2018 23:58:00,"3,9007"
22/10/2018 16:56:00,"85596,69",,23/10/2018 16:56:00,"26,2",,22/10/2018 16:56:00,"58,37",,08/06/2018 23:58:00,"3,7074"
23/10/2018 16:56:00,"85300,03",,24/10/2018 16:56:00,"25,68",,23/10/2018 16:56:00,"56,75",,09/06/2018 23:58:00,"3,7035"
24/10/2018 16:56:00,"83063,56",,25/10/2018 16:56:00,"26,32",,24/10/2018 16:56:00,"54,43",,10/06/2018 23:58:00,"3,7049"
25/10/2018 16:56:00,"84083,51",,26/10/2018 16:56:00,"27,6",,25/10/2018 16:56:00,"54,61",,11/06/2018 23:58:00,"3,7088"
26/10/2018 16:56:00,"85719,87",,29/10/2018 16:56:00,"26,42",,26/10/2018 16:56:00,"55,6",,12/06/2018 23:58:00,"3,715"
29/10/2018 16:56:00,"83796,71",,30/10/2018 16:56:00,28,,29/10/2018 16:56:00,"53,1",,13/06/2018 23:58:00,"3,7188"
30/10/2018 16:56:00,"86885,71",,31/10/2018 16:56:00,"27,62",,30/10/2018 16:56:00,"53,87",,14/06/2018 23:58:00,"3,804"
31/10/2018 16:56:00,"87423,55",,01/11/2018 16:56:00,"27,32",,31/10/2018 16:56:00,"56,71",,15/06/2018 23:58:00,"3,7284"
01/11/2018 16:56:00,"88419,05",,05/11/2018 16:56:00,"28,16",,01/11/2018 16:56:00,"57,5",,17/06/2018 23:58:00,"3,7287"
05/11/2018 16:56:00,"89598,16",,06/11/2018 16:56:00,"27,19",,05/11/2018 16:56:00,"57,53",,18/06/2018 23:58:00,"3,7462"
06/11/2018 16:56:00,"88668,92",,07/11/2018 16:56:00,"26,3",,06/11/2018 16:56:00,"57,23",,19/06/2018 23:58:00,"3,745"
07/11/2018 16:56:00,"87714,35",,08/11/2018 16:56:00,"25,35",,07/11/2018 16:56:00,"57,59",,20/06/2018 23:58:00,"3,7691"
08/11/2018 16:56:00,"85620,13",,09/11/2018 16:56:00,"25,46",,08/11/2018 16:56:00,"57,02",,21/06/2018 23:58:00,"3,7651"
09/11/2018 16:56:00,"85641,21",,12/11/2018 16:56:00,"25,33",,09/11/2018 16:56:00,"54,65",,22/06/2018 23:58:00,"3,7851"
12/11/2018 16:56:00,"85524,7",,13/11/2018 16:56:00,"24,24",,12/11/2018 16:56:00,"54,85",,24/06/2018 23:58:00,"3,7863"
13/11/2018 16:56:00,"84914,11",,14/11/2018 16:56:00,"25,1",,13/11/2018 16:56:00,"56,27",,25/06/2018 23:58:00,"3,7751"
14/11/2018 16:56:00,"85973,06",,16/11/2018 16:56:00,"25,8",,14/11/2018 16:56:00,"55,16",,26/06/2018 23:58:00,"3,7958"
16/11/2018 16:56:00,"88515,27",,19/11/2018 16:56:00,26,,16/11/2018 16:56:00,"56,15",,27/06/2018 23:58:00,"3,8601"
19/11/2018 16:56:00,"87900,83",,21/11/2018 16:56:00,"25,17",,19/11/2018 16:56:00,"55,37",,28/06/2018 23:58:00,"3,8595"
21/11/2018 16:56:00,"87268,8",,22/11/2018 16:56:00,"25,15",,21/11/2018 16:56:00,"54,53",,29/06/2018 23:58:00,"3,8756"
22/11/2018 16:56:00,"87477,44",,23/11/2018 16:56:00,"24,37",,22/11/2018 16:56:00,"54,04",,30/06/2018 23:58:00,"3,8755"
23/11/2018 16:56:00,"86230,22",,26/11/2018 16:56:00,"24,25",,23/11/2018 16:56:00,"50,35",,01/07/2018 23:58:00,"3,8756"
26/11/2018 16:56:00,"85546,51",,27/11/2018 16:56:00,"25,53",,26/11/2018 16:56:00,"50,12",,02/07/2018 23:58:00,"3,9126"
27/11/2018 16:56:00,"87891,18",,28/11/2018 16:56:00,"25,38",,27/11/2018 16:56:00,"49,92",,03/07/2018 23:58:00,"3,8963"
28/11/2018 16:56:00,"89250,82",,29/11/2018 16:56:00,"25,17",,28/11/2018 16:56:00,"52,3",,04/07/2018 23:58:00,"3,911"
29/11/2018 16:56:00,"89709,56",,30/11/2018 16:56:00,"25,46",,29/11/2018 16:56:00,52,,05/07/2018 23:58:00,"3,9313"
30/11/2018 16:56:00,"89504,03",,03/12/2018 16:56:00,"25,94",,30/11/2018 16:56:00,"52,8",,06/07/2018 23:58:00,"3,8618"
03/12/2018 16:56:00,"89820,09",,04/12/2018 16:56:00,"25,34",,03/12/2018 16:56:00,"54,11",,07/07/2018 23:58:00,"3,8615"
04/12/2018 16:56:00,"88624,45",,05/12/2018 16:56:00,"25,56",,04/12/2018 16:56:00,"52,88",,08/07/2018 23:58:00,"3,8659"
05/12/2018 16:56:00,"89039,79",,06/12/2018 16:56:00,"24,59",,05/12/2018 16:56:00,"52,8",,09/07/2018 23:58:00,"3,8713"
06/12/2018 16:56:00,"88846,48",,07/12/2018 16:56:00,"24,77",,06/12/2018 16:56:00,"52,3",,10/07/2018 23:58:00,"3,8151"
07/12/2018 16:56:00,"88115,07",,10/12/2018 16:56:00,"23,44",,07/12/2018 16:56:00,"51,29",,11/07/2018 23:58:00,"3,8761"
10/12/2018 16:56:00,"85914,71",,11/12/2018 16:56:00,"23,29",,10/12/2018 16:56:00,"50,2",,12/07/2018 23:58:00,"3,8807"
11/12/2018 16:56:00,"86419,57",,12/12/2018 16:56:00,"23,3",,11/12/2018 16:56:00,"50,6",,13/07/2018 23:58:00,"3,8497"
12/12/2018 16:56:00,"86977,46",,13/12/2018 16:56:00,"23,36",,12/12/2018 16:56:00,"50,37",,14/07/2018 23:58:00,"3,8489"
13/12/2018 16:56:00,"87837,59",,14/12/2018 16:56:00,"23,05",,13/12/2018 16:56:00,"50,6",,15/07/2018 23:58:00,"3,8494"
14/12/2018 16:56:00,"87449,5",,17/12/2018 16:56:00,"22,87",,14/12/2018 16:56:00,"50,88",,16/07/2018 23:58:00,"3,856"
17/12/2018 16:56:00,"86399,68",,18/12/2018 16:56:00,22,,17/12/2018 16:56:00,"51,25",,17/07/2018 23:58:00,"3,8359"
18/12/2018 16:56:00,"86610,49",,19/12/2018 16:56:00,"22,25",,18/12/2018 16:56:00,"51,44",,18/07/2018 23:58:00,"3,8492"
19/12/2018 16:56:00,"85673,52",,20/12/2018 16:56:00,"21,49",,19/12/2018 16:56:00,"50,01",,19/07/2018 23:58:00,"3,8285"
20/12/2018 16:56:00,"85269,29",,21/12/2018 16:56:00,"21,55",,20/12/2018 16:56:00,"49,81",,20/07/2018 23:58:00,"3,7655"
21/12/2018 16:56:00,"85697,15",,26/12/2018 16:56:00,"21,68",,21/12/2018 16:56:00,"50,86",,21/07/2018 23:58:00,"3,7622"
26/12/2018 16:56:00,"85136,1",,27/12/2018 16:56:00,"21,67",,26/12/2018 16:56:00,"50,44",,22/07/2018 23:58:00,"3,7708"
27/12/2018 16:56:00,"85460,2",,28/12/2018 16:56:00,"22,68",,27/12/2018 16:56:00,"49,5",,23/07/2018 23:58:00,"3,7804"
28/12/2018 16:56:00,"87887,26",,02/01/2019 16:56:00,"24,06",,28/12/2018 16:56:00,51,,24/07/2018 23:58:00,"3,7461"
02/01/2019 16:56:00,"91012,31",,03/01/2019 16:56:00,"24,65",,02/01/2019 16:56:00,"51,09",,25/07/2018 23:58:00,"3,6864"
03/01/2019 16:56:00,"91564,25",,04/01/2019 16:56:00,"24,72",,03/01/2019 16:56:00,49,,26/07/2018 23:58:00,"3,7443"
04/01/2019 16:56:00,"91840,79",,07/01/2019 16:56:00,"25,11",,04/01/2019 16:56:00,"52,19",,27/07/2018 23:58:00,"3,7118"
07/01/2019 16:56:00,"91699,05",,08/01/2019 16:56:00,"24,96",,07/01/2019 16:56:00,"51,91",,29/07/2018 23:58:00,"3,7111"
08/01/2019 16:56:00,"92031,86",,09/01/2019 16:56:00,"25,48",,08/01/2019 16:56:00,"52,41",,30/07/2018 23:58:00,"3,7281"
09/01/2019 16:56:00,"93613,04",,10/01/2019 16:56:00,"25,26",,09/01/2019 16:56:00,"53,69",,31/07/2018 23:58:00,"3,753"
10/01/2019 16:56:00,"93805,93",,11/01/2019 16:56:00,"24,99",,10/01/2019 16:56:00,"53,1",,01/08/2018 23:58:00,"3,747"
11/01/2019 16:56:00,"93658,31",,14/01/2019 16:56:00,"24,85",,11/01/2019 16:56:00,"52,38",,02/08/2018 23:58:00,"3,7484"
14/01/2019 16:56:00,"94474,13",,15/01/2019 16:56:00,"24,83",,14/01/2019 16:56:00,"52,6",,03/08/2018 23:58:00,"3,7055"
15/01/2019 16:56:00,"94055,72",,16/01/2019 16:56:00,"24,82",,15/01/2019 16:56:00,"52,35",,05/08/2018 23:58:00,"3,7023"
16/01/2019 16:56:00,"94393,07",,17/01/2019 16:56:00,"25,16",,16/01/2019 16:56:00,"52,65",,06/08/2018 23:58:00,"3,7345"
17/01/2019 16:56:00,"95351,09",,18/01/2019 16:56:00,"25,4",,17/01/2019 16:56:00,"54,23",,07/08/2018 23:58:00,"3,7505"
18/01/2019 16:56:00,"96096,75",,21/01/2019 16:56:00,"25,53",,18/01/2019 16:56:00,"54,76",,08/08/2018 23:58:00,"3,7701"
21/01/2019 16:56:00,"96009,77",,22/01/2019 16:56:00,"25,13",,21/01/2019 16:56:00,"55,28",,09/08/2018 23:58:00,"3,7996"
22/01/2019 16:56:00,"95103,38",,23/01/2019 16:56:00,"25,43",,22/01/2019 16:56:00,"55,08",,10/08/2018 23:58:00,"3,8596"
23/01/2019 16:56:00,"96558,42",,24/01/2019 16:56:00,"25,54",,23/01/2019 16:56:00,"55,65",,12/08/2018 23:58:00,"3,8654"
24/01/2019 16:56:00,"97677,19",,28/01/2019 16:56:00,"24,77",,24/01/2019 16:56:00,"56,15",,13/08/2018 23:58:00,"3,882"
28/01/2019 16:56:00,"95443,88",,29/01/2019 16:56:00,"25,37",,28/01/2019 16:56:00,"42,36",,14/08/2018 23:58:00,"3,8644"
29/01/2019 16:56:00,"95639,33",,30/01/2019 16:56:00,"25,62",,29/01/2019 16:56:00,"42,74",,15/08/2018 23:58:00,"3,9006"
30/01/2019 16:56:00,"96996,21",,31/01/2019 16:56:00,"25,58",,30/01/2019 16:56:00,"46,6",,16/08/2018 23:58:00,"3,9039"
31/01/2019 16:56:00,"97393,74",,01/02/2019 16:56:00,"25,8",,31/01/2019 16:56:00,"45,5",,17/08/2018 23:58:00,"3,9091"
01/02/2019 16:56:00,"97861,27",,04/02/2019 16:56:00,"26,03",,01/02/2019 16:56:00,"46,25",,19/08/2018 23:58:00,"3,9098"
04/02/2019 16:56:00,"98588,63",,05/02/2019 16:56:00,"26,08",,04/02/2019 16:56:00,"44,68",,20/08/2018 23:58:00,"3,966"
05/02/2019 16:56:00,"98311,2",,06/02/2019 16:56:00,"25,49",,05/02/2019 16:56:00,"44,52",,21/08/2018 23:58:00,"4,0485"
06/02/2019 16:56:00,"94635,57",,07/02/2019 16:56:00,"25,09",,06/02/2019 16:56:00,"42,46",,22/08/2018 23:58:00,"4,0369"
07/02/2019 16:56:00,"94405,59",,08/02/2019 16:56:00,"25,13",,07/02/2019 16:56:00,"41,59",,23/08/2018 23:58:00,"4,1123"
08/02/2019 16:56:00,"95343,1",,11/02/2019 16:56:00,"24,84",,08/02/2019 16:56:00,"43,16",,24/08/2018 23:58:00,"4,1039"
11/02/2019 16:56:00,"94412,91",,12/02/2019 16:56:00,"25,72",,11/02/2019 16:56:00,"42,02",,26/08/2018 23:58:00,"4,1028"
12/02/2019 16:56:00,"96168,4",,13/02/2019 16:56:00,"26,05",,12/02/2019 16:56:00,"44,3",,27/08/2018 23:58:00,"4,0775"
13/02/2019 16:56:00,"95842,4",,14/02/2019 16:56:00,"26,95",,13/02/2019 16:56:00,"45,49",,28/08/2018 23:58:00,"4,1339"
14/02/2019 16:56:00,"98015,09",,15/02/2019 16:56:00,"26,84",,14/02/2019 16:56:00,"45,66",,29/08/2018 23:58:00,"4,1055"
15/02/2019 16:56:00,"97525,91",,18/02/2019 16:56:00,"26,76",,15/02/2019 16:56:00,"45,88",,30/08/2018 23:58:00,"4,1486"
18/02/2019 16:56:00,"96509,89",,19/02/2019 16:56:00,"27,38",,18/02/2019 16:56:00,"45,25",,31/08/2018 23:58:00,"4,054"
19/02/2019 16:56:00,"97659,15",,20/02/2019 16:56:00,"27,04",,19/02/2019 16:56:00,"45,49",,01/09/2018 23:58:00,"4,0538"
20/02/2019 16:56:00,"96544,81",,21/02/2019 16:56:00,"27,4",,20/02/2019 16:56:00,"45,8",,02/09/2018 23:58:00,"4,0537"
21/02/2019 16:56:00,"96932,27",,22/02/2019 16:56:00,"27,13",,21/02/2019 16:56:00,"45,38",,03/09/2018 23:58:00,"4,1548"
22/02/2019 16:56:00,"97885,6",,25/02/2019 16:56:00,"26,7",,22/02/2019 16:56:00,"46,99",,04/09/2018 23:58:00,"4,1537"
25/02/2019 16:56:00,"97239,9",,26/02/2019 16:56:00,"26,58",,25/02/2019 16:56:00,"47,12",,05/09/2018 23:58:00,"4,1431"
26/02/2019 16:56:00,"97602,5",,27/02/2019 16:56:00,"27,08",,26/02/2019 16:56:00,"47,2",,06/09/2018 23:58:00,"4,0573"
27/02/2019 16:56:00,"97307,31",,28/02/2019 16:56:00,"27,06",,27/02/2019 16:56:00,"46,83",,07/09/2018 23:58:00,"4,0581"
28/02/2019 16:56:00,"95584,35",,01/03/2019 16:56:00,"26,7",,28/02/2019 16:56:00,"47,1",,08/09/2018 23:58:00,"4,0581"
01/03/2019 16:56:00,"94603,75",,06/03/2019 16:56:00,"26,76",,01/03/2019 16:56:00,"46,74",,09/09/2018 23:58:00,"4,0438"
06/03/2019 16:56:00,"94216,87",,07/03/2019 16:56:00,"26,77",,06/03/2019 16:56:00,"48,05",,10/09/2018 23:58:00,"4,0846"
07/03/2019 16:56:00,"94340,17",,08/03/2019 16:56:00,"26,67",,07/03/2019 16:56:00,"48,86",,11/09/2018 23:58:00,"4,1516"
08/03/2019 16:56:00,"95364,85",,11/03/2019 16:56:00,"27,75",,08/03/2019 16:56:00,"48,85",,12/09/2018 23:58:00,"4,1598"
11/03/2019 16:56:00,"98026,62",,12/03/2019 16:56:00,"27,5",,11/03/2019 16:56:00,"49,88",,13/09/2018 23:58:00,"4,205"
12/03/2019 16:56:00,"97828,03",,13/03/2019 16:56:00,"28,1",,12/03/2019 16:56:00,"49,97",,14/09/2018 23:58:00,"4,1721"
13/03/2019 16:56:00,"98903,88",,14/03/2019 16:56:00,"28,19",,13/03/2019 16:56:00,"50,7",,16/09/2018 23:58:00,"4,172"
14/03/2019 16:56:00,"98604,67",,15/03/2019 16:56:00,"28,25",,14/03/2019 16:56:00,"50,71",,17/09/2018 23:58:00,"4,1321"
15/03/2019 16:56:00,"99136,74",,18/03/2019 16:56:00,"28,74",,15/03/2019 16:56:00,"50,55",,18/09/2018 23:58:00,"4,1584"
18/03/2019 16:56:00,"99993,92",,19/03/2019 16:56:00,"29,2",,18/03/2019 16:56:00,"50,46",,19/09/2018 23:58:00,"4,1303"
19/03/2019 16:56:00,"99588,37",,20/03/2019 16:56:00,"28,97",,19/03/2019 16:56:00,"51,9",,20/09/2018 23:58:00,"4,076"
20/03/2019 16:56:00,"98041,37",,21/03/2019 16:56:00,"28,56",,20/03/2019 16:56:00,"50,56",,21/09/2018 23:58:00,"4,0493"
21/03/2019 16:56:00,"96729,08",,22/03/2019 16:56:00,27,,21/03/2019 16:56:00,"50,89",,22/09/2018 23:58:00,"4,0493"
22/03/2019 16:56:00,"93735,15",,25/03/2019 16:56:00,"27,34",,22/03/2019 16:56:00,"50,05",,23/09/2018 23:58:00,"4,05"
25/03/2019 16:56:00,"93662,01",,26/03/2019 16:56:00,"28,63",,25/03/2019 16:56:00,"49,55",,24/09/2018 23:58:00,"4,0913"
26/03/2019 16:56:00,"95306,82",,27/03/2019 16:56:00,"27,34",,26/03/2019 16:56:00,"50,28",,25/09/2018 23:58:00,"4,0736"
27/03/2019 16:56:00,"91903,4",,28/03/2019 16:56:00,"28,06",,27/03/2019 16:56:00,"49,6",,26/09/2018 23:58:00,"4,0308"
28/03/2019 16:56:00,"94388,94",,29/03/2019 16:56:00,"28,06",,28/03/2019 16:56:00,"49,3",,27/09/2018 23:58:00,"4,012"
29/03/2019 16:56:00,"95414,55",,01/04/2019 16:56:00,28,,29/03/2019 16:56:00,"50,93",,28/09/2018 23:58:00,"4,048"
01/04/2019 16:56:00,"96054,45",,02/04/2019 16:56:00,"28,29",,01/04/2019 16:56:00,"52,6",,30/09/2018 23:58:00,"4,0527"
02/04/2019 16:56:00,"95386,76",,03/04/2019 16:56:00,"27,54",,02/04/2019 16:56:00,"51,63",,01/10/2018 23:58:00,"4,0164"
03/04/2019 16:56:00,"94491,48",,04/04/2019 16:56:00,"28,47",,03/04/2019 16:56:00,"51,78",,02/10/2018 23:58:00,"3,9395"
04/04/2019 16:56:00,"96313,06",,05/04/2019 16:56:00,"28,78",,04/04/2019 16:56:00,"52,16",,03/10/2018 23:58:00,"3,9004"
05/04/2019 16:56:00,"97108,17",,08/04/2019 16:56:00,"29,25",,05/04/2019 16:56:00,"51,98",,04/10/2018 23:58:00,"3,8739"
08/04/2019 16:56:00,"97369,29",,09/04/2019 16:56:00,"29,16",,08/04/2019 16:56:00,"53,39",,05/10/2018 23:58:00,"3,8358"
09/04/2019 16:56:00,"96291,79",,10/04/2019 16:56:00,"28,78",,09/04/2019 16:56:00,"52,35",,06/10/2018 23:58:00,"3,8343"
10/04/2019 16:56:00,"95953,45",,11/04/2019 16:56:00,28,,10/04/2019 16:56:00,"51,76",,07/10/2018 23:58:00,"3,8358"
11/04/2019 16:56:00,"94754,7",,12/04/2019 16:56:00,"25,83",,11/04/2019 16:56:00,"51,79",,08/10/2018 23:58:00,"3,7772"
12/04/2019 16:56:00,92875,,15/04/2019 16:56:00,"25,93",,12/04/2019 16:56:00,"51,48",,09/10/2018 23:58:00,"3,7148"
15/04/2019 16:56:00,"93082,97",,16/04/2019 16:56:00,"26,72",,15/04/2019 16:56:00,"51,33",,10/10/2018 23:58:00,"3,7548"
16/04/2019 16:56:00,"94333,31",,17/04/2019 16:56:00,"26,75",,16/04/2019 16:56:00,"53,1",,11/10/2018 23:58:00,"3,7815"
17/04/2019 16:56:00,"93284,75",,18/04/2019 16:56:00,"27,6",,17/04/2019 16:56:00,"52,25",,12/10/2018 23:58:00,"3,7816"
18/04/2019 16:56:00,"94578,26",,22/04/2019 16:56:00,"27,44",,18/04/2019 16:56:00,"52,58",,14/10/2018 23:58:00,"3,7816"
22/04/2019 16:56:00,"94588,06",,23/04/2019 16:56:00,"27,68",,22/04/2019 16:56:00,"51,3",,15/10/2018 23:58:00,"3,7339"
23/04/2019 16:56:00,"95923,24",,24/04/2019 16:56:00,"27,6",,23/04/2019 16:56:00,"51,92",,16/10/2018 23:58:00,"3,7236"
24/04/2019 16:56:00,"95045,43",,25/04/2019 16:56:00,"27,8",,24/04/2019 16:56:00,"50,36",,17/10/2018 23:58:00,"3,6862"
25/04/2019 16:56:00,"96552,03",,26/04/2019 16:56:00,"27,25",,25/04/2019 16:56:00,"50,33",,18/10/2018 23:58:00,"3,7203"
26/04/2019 16:56:00,"96236,04",,29/04/2019 16:56:00,"27,37",,26/04/2019 16:56:00,"50,42",,19/10/2018 23:58:00,"3,7114"
29/04/2019 16:56:00,"96187,75",,30/04/2019 16:56:00,"27,11",,29/04/2019 16:56:00,"50,25",,21/10/2018 23:58:00,"3,7109"
30/04/2019 16:56:00,"96353,33",,02/05/2019 16:56:00,"26,73",,30/04/2019 16:56:00,"50,1",,22/10/2018 23:58:00,"3,6823"
02/05/2019 16:56:00,"95527,62",,03/05/2019 16:56:00,"26,85",,02/05/2019 16:56:00,"48,94",,23/10/2018 23:58:00,"3,6924"
03/05/2019 16:56:00,"96007,89",,06/05/2019 16:56:00,"26,77",,03/05/2019 16:56:00,"50,4",,24/10/2018 23:58:00,"3,7311"
06/05/2019 16:56:00,"95008,66",,07/05/2019 16:56:00,"26,35",,06/05/2019 16:56:00,"49,66",,25/10/2018 23:58:00,"3,7049"
07/05/2019 16:56:00,"94388,73",,08/05/2019 16:56:00,"27,37",,07/05/2019 16:56:00,"49,7",,26/10/2018 23:58:00,"3,6413"
08/05/2019 16:56:00,"95596,61",,09/05/2019 16:56:00,"26,83",,08/05/2019 16:56:00,49,,27/10/2018 23:58:00,"3,6415"
09/05/2019 16:56:00,"94807,85",,10/05/2019 16:56:00,"26,68",,09/05/2019 16:56:00,"48,54",,28/10/2018 23:58:00,"3,6416"
10/05/2019 16:56:00,"94257,56",,13/05/2019 16:56:00,"25,9",,10/05/2019 16:56:00,"49,46",,29/10/2018 23:58:00,"3,7158"
13/05/2019 16:56:00,"91726,54",,14/05/2019 16:56:00,26,,13/05/2019 16:56:00,"47,43",,30/10/2018 23:58:00,"3,6946"
14/05/2019 16:56:00,"92092,44",,15/05/2019 16:56:00,"25,88",,14/05/2019 16:56:00,"47,59",,31/10/2018 23:58:00,"3,7207"
15/05/2019 16:56:00,"91623,44",,16/05/2019 16:56:00,"25,27",,15/05/2019 16:56:00,"47,95",,01/11/2018 23:58:00,"3,6949"
16/05/2019 16:56:00,"90024,47",,17/05/2019 16:56:00,"24,68",,16/05/2019 16:56:00,"46,4",,02/11/2018 23:58:00,"3,6938"
17/05/2019 16:56:00,"89992,73",,20/05/2019 16:56:00,"25,52",,17/05/2019 16:56:00,"47,72",,04/11/2018 23:58:00,"3,7"
20/05/2019 16:56:00,"91946,19",,21/05/2019 16:56:00,"26,49",,20/05/2019 16:56:00,"46,75",,05/11/2018 23:58:00,"3,7246"
21/05/2019 16:56:00,"94484,63",,22/05/2019 16:56:00,"26,29",,21/05/2019 16:56:00,"47,41",,06/11/2018 23:58:00,"3,7599"
22/05/2019 16:56:00,"94360,66",,23/05/2019 16:56:00,"25,84",,22/05/2019 16:56:00,"47,46",,07/11/2018 23:58:00,"3,7304"
23/05/2019 16:56:00,"93910,03",,24/05/2019 16:56:00,"26,09",,23/05/2019 16:56:00,"47,82",,08/11/2018 23:58:00,"3,7592"
24/05/2019 16:56:00,"93627,8",,27/05/2019 16:56:00,"26,24",,24/05/2019 16:56:00,"48,31",,09/11/2018 23:58:00,"3,7323"
27/05/2019 16:56:00,"94864,25",,28/05/2019 16:56:00,"26,8",,27/05/2019 16:56:00,"50,19",,10/11/2018 23:58:00,"3,7323"
28/05/2019 16:56:00,"96392,76",,29/05/2019 16:56:00,"26,5",,28/05/2019 16:56:00,"50,25",,11/11/2018 23:58:00,"3,7294"
29/05/2019 16:56:00,"96566,55",,30/05/2019 16:56:00,"26,15",,29/05/2019 16:56:00,"49,7",,12/11/2018 23:58:00,"3,7664"
30/05/2019 16:56:00,"97457,36",,31/05/2019 16:56:00,"25,55",,30/05/2019 16:56:00,"50,01",,13/11/2018 23:58:00,"3,8014"
31/05/2019 16:56:00,"97030,32",,03/06/2019 16:56:00,"25,99",,31/05/2019 16:56:00,49,,14/11/2018 23:58:00,"3,7824"
03/06/2019 16:56:00,"97020,48",,04/06/2019 16:56:00,"26,2",,03/06/2019 16:56:00,"48,83",,15/11/2018 23:58:00,"3,7824"
04/06/2019 16:56:00,"97380,28",,05/06/2019 16:56:00,"25,86",,04/06/2019 16:56:00,"49,11",,16/11/2018 23:58:00,"3,7441"
05/06/2019 16:56:00,"95998,75",,06/06/2019 16:56:00,"26,28",,05/06/2019 16:56:00,"48,39",,17/11/2018 23:58:00,"3,7385"
06/06/2019 16:56:00,"97204,85",,07/06/2019 16:56:00,"26,76",,06/06/2019 16:56:00,"48,8",,18/11/2018 23:58:00,"3,7425"
07/06/2019 16:56:00,"97821,26",,10/06/2019 16:56:00,"26,65",,07/06/2019 16:56:00,"48,66",,19/11/2018 23:58:00,"3,7544"
10/06/2019 16:56:00,"97466,69",,11/06/2019 16:56:00,"27,16",,10/06/2019 16:56:00,"48,34",,20/11/2018 23:58:00,"3,7557"
11/06/2019 16:56:00,98960,,12/06/2019 16:56:00,"26,85",,11/06/2019 16:56:00,"51,43",,21/11/2018 23:58:00,"3,7961"
12/06/2019 16:56:00,"98320,88",,13/06/2019 16:56:00,"27,18",,12/06/2019 16:56:00,"51,49",,22/11/2018 23:58:00,"3,8031"
13/06/2019 16:56:00,"98773,7",,14/06/2019 16:56:00,"27,06",,13/06/2019 16:56:00,"51,85",,23/11/2018 23:58:00,"3,8298"
14/06/2019 16:56:00,"98040,06",,17/06/2019 16:56:00,"27,11",,14/06/2019 16:56:00,"51,4",,24/11/2018 23:58:00,"3,8233"
17/06/2019 16:56:00,"97623,25",,18/06/2019 16:56:00,"27,45",,17/06/2019 16:56:00,"50,2",,25/11/2018 23:58:00,"3,673"
18/06/2019 16:56:00,"99404,39",,19/06/2019 16:56:00,"27,52",,18/06/2019 16:56:00,52,,26/11/2018 23:58:00,"3,9397"
19/06/2019 16:56:00,"100303,41",,21/06/2019 16:56:00,"28,28",,19/06/2019 16:56:00,"52,3",,27/11/2018 23:58:00,"3,8735"
21/06/2019 16:56:00,"102012,64",,24/06/2019 16:56:00,"28,25",,21/06/2019 16:56:00,"52,44",,28/11/2018 23:58:00,"3,8492"
24/06/2019 16:56:00,"102062,33",,25/06/2019 16:56:00,"27,51",,24/06/2019 16:56:00,"52,4",,29/11/2018 23:58:00,"3,851"
25/06/2019 16:56:00,"100092,95",,26/06/2019 16:56:00,"27,67",,25/06/2019 16:56:00,"51,38",,30/11/2018 23:58:00,"3,8652"
26/06/2019 16:56:00,"100688,63",,27/06/2019 16:56:00,"27,23",,26/06/2019 16:56:00,"51,58",,01/12/2018 23:58:00,"3,8619"
27/06/2019 16:56:00,"100723,97",,28/06/2019 16:56:00,"27,41",,27/06/2019 16:56:00,"51,7",,02/12/2018 23:58:00,"3,8652"
28/06/2019 16:56:00,"100967,2",,01/07/2019 16:56:00,"27,26",,28/06/2019 16:56:00,"51,82",,03/12/2018 23:58:00,"3,8408"
01/07/2019 16:56:00,"101339,68",,02/07/2019 16:56:00,"26,82",,01/07/2019 16:56:00,"53,65",,04/12/2018 23:58:00,"3,8511"
02/07/2019 16:56:00,"100605,17",,03/07/2019 16:56:00,"27,13",,02/07/2019 16:56:00,"51,39",,05/12/2018 23:58:00,"3,8674"
03/07/2019 16:56:00,"102043,11",,04/07/2019 16:56:00,"27,39",,03/07/2019 16:56:00,"51,29",,06/12/2018 23:58:00,"3,8778"
04/07/2019 16:56:00,"103636,17",,05/07/2019 16:56:00,"27,4",,04/07/2019 16:56:00,"51,67",,07/12/2018 23:58:00,"3,9058"
05/07/2019 16:56:00,"104089,47",,08/07/2019 16:56:00,"27,65",,05/07/2019 16:56:00,"50,36",,09/12/2018 23:58:00,"3,9058"
08/07/2019 16:56:00,"104530,22",,10/07/2019 16:56:00,"28,07",,08/07/2019 16:56:00,"50,95",,10/12/2018 23:58:00,"3,9167"
10/07/2019 16:56:00,"105817,06",,11/07/2019 16:56:00,"28,4",,10/07/2019 16:56:00,"52,13",,11/12/2018 23:58:00,"3,9026"
11/07/2019 16:56:00,"105146,44",,12/07/2019 16:56:00,"28,53",,11/07/2019 16:56:00,"52,05",,12/12/2018 23:58:00,"3,8541"
12/07/2019 16:56:00,"103905,99",,15/07/2019 16:56:00,"28,18",,12/07/2019 16:56:00,"51,81",,13/12/2018 23:58:00,"3,8907"
15/07/2019 16:56:00,"103802,69",,16/07/2019 16:56:00,"27,83",,15/07/2019 16:56:00,"52,69",,14/12/2018 23:58:00,"3,9165"
16/07/2019 16:56:00,"103775,41",,17/07/2019 16:56:00,"27,68",,16/07/2019 16:56:00,"53,05",,16/12/2018 23:58:00,"3,9155"
17/07/2019 16:56:00,"103855,53",,18/07/2019 16:56:00,"27,51",,17/07/2019 16:56:00,"52,69",,17/12/2018 23:58:00,"3,8976"
18/07/2019 16:56:00,"104716,59",,19/07/2019 16:56:00,"27,44",,18/07/2019 16:56:00,"52,59",,18/12/2018 23:58:00,"3,9109"
19/07/2019 16:56:00,"103451,93",,22/07/2019 16:56:00,"27,49",,19/07/2019 16:56:00,"52,72",,19/12/2018 23:58:00,"3,8962"
22/07/2019 16:56:00,"103949,46",,23/07/2019 16:56:00,"27,52",,22/07/2019 16:56:00,"52,45",,20/12/2018 23:58:00,"3,8389"
23/07/2019 16:56:00,"103704,28",,24/07/2019 16:56:00,"27,35",,23/07/2019 16:56:00,"51,76",,21/12/2018 23:58:00,"3,9027"
24/07/2019 16:56:00,"104119,54",,25/07/2019 16:56:00,"26,89",,24/07/2019 16:56:00,"50,65",,22/12/2018 23:58:00,"3,9027"
25/07/2019 16:56:00,"102654,58",,26/07/2019 16:56:00,"26,14",,25/07/2019 16:56:00,"50,49",,23/12/2018 23:58:00,"3,8434"
26/07/2019 16:56:00,"102818,93",,29/07/2019 16:56:00,"26,38",,26/07/2019 16:56:00,"50,23",,24/12/2018 23:58:00,"3,9026"
29/07/2019 16:56:00,"103482,63",,30/07/2019 16:56:00,"26,24",,29/07/2019 16:56:00,"50,26",,25/12/2018 23:58:00,"3,9028"
30/07/2019 16:56:00,"102932,76",,31/07/2019 16:56:00,"26,08",,30/07/2019 16:56:00,"50,01",,26/12/2018 23:58:00,"3,9206"
31/07/2019 16:56:00,"101812,13",,01/08/2019 16:56:00,"26,25",,31/07/2019 16:56:00,"49,81",,27/12/2018 23:58:00,"3,8715"
01/08/2019 16:56:00,"102125,94",,02/08/2019 16:56:00,"26,52",,01/08/2019 16:56:00,"48,4",,28/12/2018 23:58:00,"3,8799"
02/08/2019 16:56:00,"102673,68",,05/08/2019 16:56:00,"25,55",,02/08/2019 16:56:00,"47,84",,30/12/2018 23:58:00,"3,8742"
05/08/2019 16:56:00,"100097,75",,06/08/2019 16:56:00,"25,88",,05/08/2019 16:56:00,46,,31/12/2018 23:58:00,"3,88"
06/08/2019 16:56:00,"102163,69",,07/08/2019 16:56:00,"25,6",,06/08/2019 16:56:00,"46,62",,01/01/2019 23:58:00,"3,8799"
07/08/2019 16:56:00,"102782,37",,08/08/2019 16:56:00,"26,35",,07/08/2019 16:56:00,"46,48",,02/01/2019 23:58:00,"3,7863"
08/08/2019 16:56:00,"104115,23",,09/08/2019 16:56:00,"26,28",,08/08/2019 16:56:00,"47,18",,03/01/2019 23:58:00,"3,7551"
09/08/2019 16:56:00,"103996,16",,12/08/2019 16:56:00,"25,65",,09/08/2019 16:56:00,"45,49",,04/01/2019 23:58:00,"3,7117"
12/08/2019 16:56:00,"101915,22",,13/08/2019 16:56:00,"25,79",,12/08/2019 16:56:00,"45,16",,05/01/2019 23:58:00,"3,7138"
13/08/2019 16:56:00,"103299,47",,14/08/2019 16:56:00,"24,92",,13/08/2019 16:56:00,"46,5",,06/01/2019 23:58:00,"3,6612"
14/08/2019 16:56:00,"100258,01",,15/08/2019 16:56:00,"24,23",,14/08/2019 16:56:00,"44,88",,07/01/2019 23:58:00,"3,7341"
15/08/2019 16:56:00,"99056,91",,16/08/2019 16:56:00,"23,91",,15/08/2019 16:56:00,"43,89",,08/01/2019 23:58:00,"3,7124"
16/08/2019 16:56:00,"99805,78",,19/08/2019 16:56:00,"24,03",,16/08/2019 16:56:00,"43,69",,09/01/2019 23:58:00,"3,68"
19/08/2019 16:56:00,"99468,67",,20/08/2019 16:56:00,"24,02",,19/08/2019 16:56:00,"43,65",,10/01/2019 23:58:00,"3,7079"
20/08/2019 16:56:00,"99222,25",,21/08/2019 16:56:00,"25,45",,20/08/2019 16:56:00,"43,84",,11/01/2019 23:58:00,"3,7099"
21/08/2019 16:56:00,"101201,9",,22/08/2019 16:56:00,"25,22",,21/08/2019 16:56:00,"44,15",,12/01/2019 23:58:00,"3,7099"
22/08/2019 16:56:00,"100011,28",,23/08/2019 16:56:00,"24,28",,22/08/2019 16:56:00,"43,89",,13/01/2019 23:58:00,"3,6596"
23/08/2019 16:56:00,"97667,49",,26/08/2019 16:56:00,"23,96",,23/08/2019 16:56:00,"43,28",,14/01/2019 23:58:00,"3,6975"
26/08/2019 16:56:00,"96429,6",,27/08/2019 16:56:00,"24,34",,26/08/2019 16:56:00,"42,8",,15/01/2019 23:58:00,"3,7164"
27/08/2019 16:56:00,"97276,19",,28/08/2019 16:56:00,"24,59",,27/08/2019 16:56:00,"43,32",,16/01/2019 23:58:00,"3,7343"
28/08/2019 16:56:00,"98193,53",,29/08/2019 16:56:00,"25,5",,28/08/2019 16:56:00,"43,48",,17/01/2019 23:58:00,"3,7489"
29/08/2019 16:56:00,"100524,43",,30/08/2019 16:56:00,"25,5",,29/08/2019 16:56:00,"45,1",,18/01/2019 23:58:00,"3,7495"
30/08/2019 16:56:00,"101134,61",,02/09/2019 16:56:00,"25,3",,30/08/2019 16:56:00,"45,57",,20/01/2019 23:58:00,"3,7502"
02/09/2019 16:56:00,"100625,74",,03/09/2019 16:56:00,"25,6",,02/09/2019 16:56:00,"46,01",,21/01/2019 23:58:00,"3,7514"
03/09/2019 16:56:00,"99680,83",,04/09/2019 16:56:00,"26,26",,03/09/2019 16:56:00,"45,52",,22/01/2019 23:58:00,"3,812"
04/09/2019 16:56:00,"101200,89",,05/09/2019 16:56:00,"26,39",,04/09/2019 16:56:00,"46,52",,23/01/2019 23:58:00,"3,7623"
05/09/2019 16:56:00,102243,,06/09/2019 16:56:00,"26,52",,05/09/2019 16:56:00,"46,52",,24/01/2019 23:58:00,"3,7698"
06/09/2019 16:56:00,"102935,43",,09/09/2019 16:56:00,"26,93",,06/09/2019 16:56:00,"46,45",,25/01/2019 23:58:00,"3,7696"
09/09/2019 16:56:00,"103180,59",,10/09/2019 16:56:00,"27,1",,09/09/2019 16:56:00,"47,89",,26/01/2019 23:58:00,"3,7719"
10/09/2019 16:56:00,"103031,5",,11/09/2019 16:56:00,"26,87",,10/09/2019 16:56:00,"48,24",,27/01/2019 23:58:00,"3,7696"
11/09/2019 16:56:00,"103445,6",,12/09/2019 16:56:00,"27,06",,11/09/2019 16:56:00,"47,95",,28/01/2019 23:58:00,"3,7596"
12/09/2019 16:56:00,"104370,91",,13/09/2019 16:56:00,"26,88",,12/09/2019 16:56:00,"49,69",,29/01/2019 23:58:00,"3,7185"
13/09/2019 16:56:00,"103501,18",,16/09/2019 16:56:00,"28,06",,13/09/2019 16:56:00,"49,79",,30/01/2019 23:58:00,"3,6814"
16/09/2019 16:56:00,"103680,41",,17/09/2019 16:56:00,"27,69",,16/09/2019 16:56:00,"48,59",,31/01/2019 23:58:00,"3,6428"
17/09/2019 16:56:00,"104616,86",,18/09/2019 16:56:00,"27,22",,17/09/2019 16:56:00,"48,9",,01/02/2019 23:58:00,"3,6583"
18/09/2019 16:56:00,"104531,93",,19/09/2019 16:56:00,"27,29",,18/09/2019 16:56:00,"48,4",,03/02/2019 23:58:00,"3,6573"
19/09/2019 16:56:00,"104339,16",,20/09/2019 16:56:00,27,,19/09/2019 16:56:00,"48,32",,04/02/2019 23:58:00,"3,667"
20/09/2019 16:56:00,"104817,4",,23/09/2019 16:56:00,"27,48",,20/09/2019 16:56:00,"48,42",,05/02/2019 23:58:00,"3,6683"
23/09/2019 16:56:00,"104637,82",,24/09/2019 16:56:00,"27,27",,23/09/2019 16:56:00,"48,1",,06/02/2019 23:58:00,"3,6947"
24/09/2019 16:56:00,"103875,66",,25/09/2019 16:56:00,"27,34",,24/09/2019 16:56:00,"46,93",,07/02/2019 23:58:00,"3,7149"
25/09/2019 16:56:00,"104480,98",,26/09/2019 16:56:00,"27,7",,25/09/2019 16:56:00,"47,86",,08/02/2019 23:58:00,"3,7286"
26/09/2019 16:56:00,"105319,4",,27/09/2019 16:56:00,"27,66",,26/09/2019 16:56:00,"47,86",,09/02/2019 23:58:00,"3,7243"
27/09/2019 16:56:00,"105077,63",,30/09/2019 16:56:00,"27,55",,27/09/2019 16:56:00,"47,66",,10/02/2019 23:58:00,"3,7286"
30/09/2019 16:56:00,"104745,32",,01/10/2019 16:56:00,"27,51",,30/09/2019 16:56:00,"47,75",,11/02/2019 23:58:00,"3,7552"
01/10/2019 16:56:00,"104053,4",,02/10/2019 16:56:00,"26,72",,01/10/2019 16:56:00,"47,71",,12/02/2019 23:58:00,"3,708"
02/10/2019 16:56:00,"101031,44",,03/10/2019 16:56:00,"26,74",,02/10/2019 16:56:00,"45,1",,13/02/2019 23:58:00,"3,7532"
03/10/2019 16:56:00,"101516,04",,04/10/2019 16:56:00,"26,51",,03/10/2019 16:56:00,"45,44",,14/02/2019 23:58:00,"3,722"
04/10/2019 16:56:00,"102551,32",,07/10/2019 16:56:00,"26,17",,04/10/2019 16:56:00,"46,59",,15/02/2019 23:58:00,"3,699"
07/10/2019 16:56:00,"100572,77",,08/10/2019 16:56:00,"26,02",,07/10/2019 16:56:00,"46,04",,16/02/2019 23:58:00,"3,699"
08/10/2019 16:56:00,"99981,4",,09/10/2019 16:56:00,"26,52",,08/10/2019 16:56:00,"45,32",,17/02/2019 23:58:00,"3,6468"
09/10/2019 16:56:00,"101248,78",,10/10/2019 16:56:00,"26,74",,09/10/2019 16:56:00,"45,67",,18/02/2019 23:58:00,"3,7317"
10/10/2019 16:56:00,"101817,13",,11/10/2019 16:56:00,"27,26",,10/10/2019 16:56:00,"47,24",,19/02/2019 23:58:00,"3,722"
11/10/2019 16:56:00,"103831,92",,14/10/2019 16:56:00,"27,31",,11/10/2019 16:56:00,"48,64",,20/02/2019 23:58:00,"3,724"
14/10/2019 16:56:00,"104301,58",,15/10/2019 16:56:00,"27,6",,14/10/2019 16:56:00,"47,99",,21/02/2019 23:58:00,"3,7665"
15/10/2019 16:56:00,"104489,56",,16/10/2019 16:56:00,"27,93",,15/10/2019 16:56:00,"47,91",,22/02/2019 23:58:00,"3,7467"
16/10/2019 16:56:00,"105422,8",,17/10/2019 16:56:00,"27,66",,16/10/2019 16:56:00,"46,8",,23/02/2019 23:58:00,"3,7435"
17/10/2019 16:56:00,"105015,77",,18/10/2019 16:56:00,"27,6",,17/10/2019 16:56:00,"46,71",,24/02/2019 23:58:00,"3,7463"
18/10/2019 16:56:00,"104728,89",,21/10/2019 16:56:00,"27,77",,18/10/2019 16:56:00,"46,03",,25/02/2019 23:58:00,"3,7504"
21/10/2019 16:56:00,"106022,28",,22/10/2019 16:56:00,"28,57",,21/10/2019 16:56:00,"47,21",,26/02/2019 23:58:00,"3,7471"
22/10/2019 16:56:00,"107381,11",,23/10/2019 16:56:00,"28,95",,22/10/2019 16:56:00,"47,3",,27/02/2019 23:58:00,"3,7273"
23/10/2019 16:56:00,"107543,59",,24/10/2019 16:56:00,"28,32",,23/10/2019 16:56:00,"47,11",,28/02/2019 23:58:00,"3,7475"
24/10/2019 16:56:00,"106986,15",,25/10/2019 16:56:00,"29,25",,24/10/2019 16:56:00,"46,75",,01/03/2019 23:58:00,"3,7749"
25/10/2019 16:56:00,"107363,77",,28/10/2019 16:56:00,"29,6",,25/10/2019 16:56:00,"48,56",,02/03/2019 23:58:00,"3,7727"
28/10/2019 16:56:00,"108187,06",,29/10/2019 16:56:00,"29,82",,28/10/2019 16:56:00,"48,7",,03/03/2019 23:58:00,"3,77415"
29/10/2019 16:56:00,"107556,26",,30/10/2019 16:56:00,"30,08",,29/10/2019 16:56:00,"48,65",,04/03/2019 23:58:00,"3,7756"
30/10/2019 16:56:00,"108407,54",,31/10/2019 16:56:00,"30,39",,30/10/2019 16:56:00,"48,59",,05/03/2019 23:58:00,"3,7759"
31/10/2019 16:56:00,"107219,83",,01/11/2019 16:56:00,"30,43",,31/10/2019 16:56:00,"47,2",,06/03/2019 23:58:00,"3,84035"
01/11/2019 16:56:00,"108195,63",,04/11/2019 16:56:00,"30,36",,01/11/2019 16:56:00,"48,44",,07/03/2019 23:58:00,"3,8708"
04/11/2019 16:56:00,"108779,33",,05/11/2019 16:56:00,"29,65",,04/11/2019 16:56:00,"49,82",,08/03/2019 23:58:00,"3,8696"
05/11/2019 16:56:00,"108719,02",,06/11/2019 16:56:00,"29,71",,05/11/2019 16:56:00,"49,87",,09/03/2019 23:58:00,"3,8696"
06/11/2019 16:56:00,"108360,22",,07/11/2019 16:56:00,"30,9",,06/11/2019 16:56:00,"49,69",,10/03/2019 23:58:00,"3,86655"
07/11/2019 16:56:00,"109580,57",,08/11/2019 16:56:00,"30,02",,07/11/2019 16:56:00,"50,11",,11/03/2019 23:58:00,"3,8388"
08/11/2019 16:56:00,"107628,98",,11/11/2019 16:56:00,"30,45",,08/11/2019 16:56:00,"49,18",,12/03/2019 23:58:00,"3,8131"
11/11/2019 16:56:00,"108367,44",,12/11/2019 16:56:00,"30,02",,11/11/2019 16:56:00,"48,13",,13/03/2019 23:58:00,"3,8148"
12/11/2019 16:56:00,"106751,11",,13/11/2019 16:56:00,"29,9",,12/11/2019 16:56:00,"47,9",,14/03/2019 23:58:00,"3,842"
13/11/2019 16:56:00,"106059,95",,14/11/2019 16:56:00,"29,3",,13/11/2019 16:56:00,"47,12",,15/03/2019 23:58:00,"3,8145"
14/11/2019 16:56:00,"106556,88",,18/11/2019 16:56:00,"29,08",,14/11/2019 16:56:00,47,,16/03/2019 23:58:00,"3,8145"
18/11/2019 16:56:00,"106269,25",,19/11/2019 16:56:00,"28,78",,18/11/2019 16:56:00,"47,61",,17/03/2019 23:58:00,"3,8145"
19/11/2019 16:56:00,"105864,18",,21/11/2019 16:56:00,"29,85",,19/11/2019 16:56:00,"48,17",,18/03/2019 23:58:00,"3,7915"
21/11/2019 16:56:00,"107496,73",,22/11/2019 16:56:00,"29,98",,21/11/2019 16:56:00,"48,42",,19/03/2019 23:58:00,"3,7892"
22/11/2019 16:56:00,"108692,28",,25/11/2019 16:56:00,"29,73",,22/11/2019 16:56:00,"50,03",,20/03/2019 23:58:00,"3,7757"
25/11/2019 16:56:00,"108423,93",,26/11/2019 16:56:00,"29,19",,25/11/2019 16:56:00,"50,86",,21/03/2019 23:58:00,"3,7926"
26/11/2019 16:56:00,"107059,4",,27/11/2019 16:56:00,"29,33",,26/11/2019 16:56:00,"51,22",,22/03/2019 23:58:00,"3,9075"
27/11/2019 16:56:00,"107707,75",,28/11/2019 16:56:00,"29,53",,27/11/2019 16:56:00,"50,58",,23/03/2019 23:58:00,"3,9055"
28/11/2019 16:56:00,"108290,09",,29/11/2019 16:56:00,"29,15",,28/11/2019 16:56:00,"50,37",,24/03/2019 23:58:00,"3,9075"
29/11/2019 16:56:00,"108233,28",,02/12/2019 16:56:00,"29,07",,29/11/2019 16:56:00,"49,98",,25/03/2019 23:58:00,"3,8551"
02/12/2019 16:56:00,"108927,83",,03/12/2019 16:56:00,"28,98",,02/12/2019 16:56:00,"51,34",,26/03/2019 23:58:00,"3,8764"
03/12/2019 16:56:00,"108956,02",,04/12/2019 16:56:00,"29,66",,03/12/2019 16:56:00,"50,42",,27/03/2019 23:58:00,"3,99245"
04/12/2019 16:56:00,"110300,93",,05/12/2019 16:56:00,"30,05",,04/12/2019 16:56:00,"50,92",,28/03/2019 23:58:00,"3,9013"
05/12/2019 16:56:00,"110622,27",,06/12/2019 16:56:00,"30,35",,05/12/2019 16:56:00,"50,95",,29/03/2019 23:58:00,"3,9231"
06/12/2019 16:56:00,"111125,75",,09/12/2019 16:56:00,"30,21",,06/12/2019 16:56:00,"51,35",,30/03/2019 23:58:00,"3,9231"
09/12/2019 16:56:00,"110977,23",,10/12/2019 16:56:00,"30,44",,09/12/2019 16:56:00,"51,44",,31/03/2019 23:58:00,"3,92545"
10/12/2019 16:56:00,"110672,01",,11/12/2019 16:56:00,"30,4",,10/12/2019 16:56:00,"51,2",,01/04/2019 23:58:00,"3,85205"
11/12/2019 16:56:00,"110963,87",,12/12/2019 16:56:00,"30,97",,11/12/2019 16:56:00,"51,83",,02/04/2019 23:58:00,"3,8538"
12/12/2019 16:56:00,"112199,74",,13/12/2019 16:56:00,"29,98",,12/12/2019 16:56:00,"52,95",,03/04/2019 23:58:00,"3,8698"
13/12/2019 16:56:00,"112564,86",,16/12/2019 16:56:00,"29,41",,13/12/2019 16:56:00,"53,76",,04/04/2019 23:58:00,"3,8574"
16/12/2019 16:56:00,"111896,04",,17/12/2019 16:56:00,"29,85",,16/12/2019 16:56:00,"53,34",,05/04/2019 23:58:00,"3,8753"
17/12/2019 16:56:00,"112615,66",,18/12/2019 16:56:00,"30,54",,17/12/2019 16:56:00,"53,42",,06/04/2019 23:58:00,"3,8753"
18/12/2019 16:56:00,"114314,65",,19/12/2019 16:56:00,"30,61",,18/12/2019 16:56:00,"53,47",,07/04/2019 23:58:00,"3,8755"
19/12/2019 16:56:00,"115131,25",,20/12/2019 16:56:00,"30,26",,19/12/2019 16:56:00,54,,08/04/2019 23:58:00,"3,8497"
20/12/2019 16:56:00,"115121,08",,23/12/2019 16:56:00,"30,5",,20/12/2019 16:56:00,"54,79",,09/04/2019 23:58:00,"3,8497"
23/12/2019 16:56:00,"115863,29",,26/12/2019 16:56:00,"30,91",,23/12/2019 16:56:00,"54,58",,10/04/2019 23:58:00,"3,8255"
26/12/2019 16:56:00,"117203,2",,27/12/2019 16:56:00,"30,52",,26/12/2019 16:56:00,"54,79",,11/04/2019 23:58:00,"3,8573"
27/12/2019 16:56:00,"116533,98",,30/12/2019 16:56:00,"30,18",,27/12/2019 16:56:00,"53,6",,12/04/2019 23:58:00,"3,8818"
30/12/2019 16:56:00,"115645,34",,02/01/2020 16:56:00,"30,7",,30/12/2019 16:56:00,"53,3",,13/04/2019 23:58:00,"3,8758"
02/01/2020 16:56:00,"118573,1",,03/01/2020 17:50:00,"30,45",,02/01/2020 16:56:00,"54,33",,14/04/2019 23:58:00,"3,881"
03/01/2020 17:50:00,"117706,66",,06/01/2020 16:56:00,"30,81",,03/01/2020 17:50:00,"53,93",,15/04/2019 23:58:00,"3,8719"
06/01/2020 16:56:00,"116877,92",,07/01/2020 16:56:00,"30,69",,06/01/2020 16:56:00,"53,61",,16/04/2019 23:58:00,"3,9053"
07/01/2020 16:56:00,"116661,94",,08/01/2020 16:56:00,"30,5",,07/01/2020 16:56:00,54,,17/04/2019 23:58:00,"3,9382"
08/01/2020 16:56:00,"116247,03",,09/01/2020 16:56:00,"30,4",,08/01/2020 16:56:00,"54,01",,18/04/2019 23:58:00,"3,9282"
09/01/2020 16:56:00,"115947,11",,10/01/2020 16:56:00,"30,27",,09/01/2020 16:56:00,"53,3",,19/04/2019 23:58:00,"3,936"
10/01/2020 16:56:00,"115503,42",,13/01/2020 16:56:00,"30,33",,10/01/2020 16:56:00,"53,36",,20/04/2019 23:58:00,"3,936"
13/01/2020 16:56:00,"117325,28",,14/01/2020 16:56:00,30,,13/01/2020 16:56:00,"55,3",,21/04/2019 23:58:00,"3,936"
14/01/2020 16:56:00,"117632,4",,15/01/2020 16:56:00,"29,55",,14/01/2020 16:56:00,"55,64",,22/04/2019 23:58:00,"3,9356"
15/01/2020 16:56:00,"116414,35",,16/01/2020 16:56:00,"29,52",,15/01/2020 16:56:00,"55,46",,23/04/2019 23:58:00,"3,9198"
16/01/2020 16:56:00,"116704,21",,17/01/2020 16:56:00,"29,85",,16/01/2020 16:56:00,"55,17",,24/04/2019 23:58:00,"3,9911"
17/01/2020 16:56:00,"118478,3",,20/01/2020 16:56:00,30,,17/01/2020 16:56:00,57,,25/04/2019 23:58:00,"3,9542"
20/01/2020 16:56:00,"118861,63",,21/01/2020 16:56:00,"29,62",,20/01/2020 16:56:00,"57,36",,26/04/2019 23:58:00,"3,9299"
21/01/2020 16:56:00,"117026,04",,22/01/2020 16:56:00,"29,29",,21/01/2020 16:56:00,"56,03",,27/04/2019 23:58:00,"3,925"
22/01/2020 16:56:00,"118391,36",,23/01/2020 16:56:00,"29,65",,22/01/2020 16:56:00,"56,3",,28/04/2019 23:58:00,"3,9307"
23/01/2020 16:56:00,"119527,63",,24/01/2020 16:56:00,"29,3",,23/01/2020 16:56:00,"55,5",,29/04/2019 23:58:00,"3,9458"
24/01/2020 16:56:00,"118376,36",,27/01/2020 16:56:00,"28,03",,24/01/2020 16:56:00,"53,8",,30/04/2019 23:58:00,"3,9184"
27/01/2020 16:56:00,"114481,84",,28/01/2020 16:56:00,"28,8",,27/01/2020 16:56:00,"50,51",,01/05/2019 23:58:00,"3,9208"
28/01/2020 16:56:00,"116478,98",,29/01/2020 16:56:00,"28,85",,28/01/2020 16:56:00,"51,2",,02/05/2019 23:58:00,"3,9677"
29/01/2020 16:56:00,"115384,84",,30/01/2020 16:56:00,"28,94",,29/01/2020 16:56:00,"50,75",,03/05/2019 23:58:00,"3,9396"
30/01/2020 16:56:00,"115528,04",,31/01/2020 16:56:00,"28,45",,30/01/2020 16:56:00,"51,5",,04/05/2019 23:58:00,"3,939"
31/01/2020 16:56:00,"113760,57",,03/02/2020 16:56:00,"28,18",,31/01/2020 16:56:00,"50,27",,05/05/2019 23:58:00,"3,9381"
03/02/2020 16:56:00,"114629,21",,04/02/2020 16:56:00,"28,63",,03/02/2020 16:56:00,"50,91",,06/05/2019 23:58:00,"3,9697"
04/02/2020 16:56:00,"115556,71",,05/02/2020 16:56:00,"28,39",,04/02/2020 16:56:00,"52,27",,07/05/2019 23:58:00,"3,9702"
05/02/2020 16:56:00,"116028,27",,06/02/2020 16:56:00,"29,18",,05/02/2020 16:56:00,"52,99",,08/05/2019 23:58:00,"3,9278"
06/02/2020 16:56:00,"115189,97",,07/02/2020 16:56:00,"28,93",,06/02/2020 16:56:00,"53,28",,09/05/2019 23:58:00,"3,9469"
07/02/2020 16:56:00,"113770,29",,10/02/2020 16:56:00,"29,13",,07/02/2020 16:56:00,"52,1",,10/05/2019 23:58:00,"3,9572"
10/02/2020 16:56:00,"112570,3",,11/02/2020 16:56:00,"29,48",,10/02/2020 16:56:00,"50,19",,11/05/2019 23:58:00,"3,9572"
11/02/2020 16:56:00,"115370,61",,12/02/2020 16:56:00,"30,13",,11/02/2020 16:56:00,"52,05",,12/05/2019 23:58:00,"3,9612"
12/02/2020 16:56:00,"116674,13",,13/02/2020 16:56:00,"29,72",,12/02/2020 16:56:00,"53,07",,13/05/2019 23:58:00,"3,99405"
13/02/2020 16:56:00,"115662,4",,14/02/2020 16:56:00,"29,42",,13/02/2020 16:56:00,"52,14",,14/05/2019 23:58:00,"3,9766"
14/02/2020 16:56:00,"114380,71",,17/02/2020 16:56:00,"29,36",,14/02/2020 16:56:00,51,,15/05/2019 23:58:00,"4,0014"
17/02/2020 16:56:00,"115309,08",,18/02/2020 16:56:00,"29,75",,17/02/2020 16:56:00,"53,41",,16/05/2019 23:58:00,"4,0477"
18/02/2020 16:56:00,"114977,29",,19/02/2020 16:56:00,"30,55",,18/02/2020 16:56:00,"52,8",,17/05/2019 23:58:00,"4,0992"
19/02/2020 16:56:00,"116517,59",,20/02/2020 16:56:00,"29,92",,19/02/2020 16:56:00,"52,81",,18/05/2019 23:58:00,"4,0992"
20/02/2020 16:56:00,"114586,24",,21/02/2020 16:56:00,"29,14",,20/02/2020 16:56:00,"52,2",,19/05/2019 23:58:00,"4,0989"
21/02/2020 16:56:00,"113681,42",,26/02/2020 16:56:00,"26,21",,21/02/2020 16:56:00,"50,13",,20/05/2019 23:58:00,"4,0964"
26/02/2020 16:56:00,"105718,29",,27/02/2020 16:56:00,"25,3",,26/02/2020 16:56:00,"45,35",,21/05/2019 23:58:00,"4,0395"
27/02/2020 16:56:00,"102983,54",,28/02/2020 16:56:00,"25,34",,27/02/2020 16:56:00,"44,47",,22/05/2019 23:58:00,"4,0404"
28/02/2020 16:56:00,"104171,57",,02/03/2020 16:56:00,"26,53",,28/02/2020 16:56:00,"44,31",,23/05/2019 23:58:00,"4,0423"
02/03/2020 16:56:00,"106625,41",,03/03/2020 16:56:00,"26,05",,02/03/2020 16:56:00,"46,36",,24/05/2019 23:58:00,"4,0225"
03/03/2020 16:56:00,"105537,14",,04/03/2020 16:56:00,"26,89",,03/03/2020 16:56:00,"46,35",,25/05/2019 23:58:00,"4,0223"
04/03/2020 16:56:00,"107224,22",,05/03/2020 16:56:00,"25,29",,04/03/2020 16:56:00,"48,57",,26/05/2019 23:58:00,"4,0227"
05/03/2020 16:56:00,"102233,24",,06/03/2020 16:56:00,"22,83",,05/03/2020 16:56:00,"46,85",,27/05/2019 23:58:00,"4,0436"
06/03/2020 16:56:00,"97996,77",,09/03/2020 16:56:00,"16,05",,06/03/2020 16:56:00,"44,61",,28/05/2019 23:58:00,"4,0249"
09/03/2020 16:56:00,"86067,2",,10/03/2020 16:56:00,"17,56",,09/03/2020 16:56:00,"37,83",,29/05/2019 23:58:00,"3,9749"
10/03/2020 16:56:00,"92214,47",,11/03/2020 16:56:00,"15,85",,10/03/2020 16:56:00,"44,81",,30/05/2019 23:58:00,"3,9815"
11/03/2020 16:56:00,"85171,13",,12/03/2020 16:56:00,"12,6",,11/03/2020 16:56:00,"40,74",,31/05/2019 23:58:00,"3,925"
12/03/2020 16:56:00,"72582,53",,13/03/2020 16:56:00,"15,4",,12/03/2020 16:56:00,"35,35",,01/06/2019 23:58:00,"3,925"
13/03/2020 16:56:00,"82677,91",,16/03/2020 16:56:00,"13,09",,13/03/2020 16:56:00,"42,9",,02/06/2019 23:58:00,"3,9257"
16/03/2020 16:56:00,"71168,05",,17/03/2020 16:56:00,13,,16/03/2020 16:56:00,"39,04",,03/06/2019 23:58:00,"3,8856"
17/03/2020 16:56:00,"74617,24",,18/03/2020 16:56:00,"11,29",,17/03/2020 16:56:00,"41,51",,04/06/2019 23:58:00,"3,8551"
18/03/2020 16:56:00,"66894,95",,19/03/2020 16:56:00,"12,21",,18/03/2020 16:56:00,"38,65",,05/06/2019 23:58:00,"3,8809"
19/03/2020 16:56:00,"68331,8",,20/03/2020 16:56:00,12,,19/03/2020 16:56:00,"36,4",,06/06/2019 23:58:00,"3,8799"
20/03/2020 16:56:00,"67069,36",,23/03/2020 16:56:00,"11,5",,20/03/2020 16:56:00,"35,19",,07/06/2019 23:58:00,"3,8775"
23/03/2020 16:56:00,"63569,62",,24/03/2020 16:56:00,"13,25",,23/03/2020 16:56:00,"34,1",,08/06/2019 23:58:00,"3,8775"
24/03/2020 16:56:00,"69729,3",,25/03/2020 16:56:00,"14,32",,24/03/2020 16:56:00,"37,64",,09/06/2019 23:58:00,"3,878"
25/03/2020 16:56:00,"74955,57",,26/03/2020 16:56:00,"14,39",,25/03/2020 16:56:00,"40,85",,10/06/2019 23:58:00,"3,886"
26/03/2020 16:56:00,"77709,66",,27/03/2020 16:56:00,"13,3",,26/03/2020 16:56:00,42,,11/06/2019 23:58:00,"3,8566"
27/03/2020 16:56:00,"73428,78",,30/03/2020 16:56:00,"13,38",,27/03/2020 16:56:00,"40,1",,12/06/2019 23:58:00,"3,8674"
30/03/2020 16:56:00,"74639,48",,31/03/2020 16:56:00,"13,99",,30/03/2020 16:56:00,"41,77",,13/06/2019 23:58:00,"3,8497"
31/03/2020 16:56:00,"73019,76",,01/04/2020 16:56:00,"14,3",,31/03/2020 16:56:00,"43,22",,14/06/2019 23:58:00,"3,8965"
01/04/2020 16:56:00,"70966,7",,02/04/2020 16:56:00,"15,51",,01/04/2020 16:56:00,"43,37",,15/06/2019 23:58:00,"3,8877"
02/04/2020 16:56:00,"72253,46",,03/04/2020 16:56:00,"15,34",,02/04/2020 16:56:00,"42,78",,16/06/2019 23:58:00,"3,896"
03/04/2020 16:56:00,"69537,56",,06/04/2020 16:56:00,"15,77",,03/04/2020 16:56:00,"40,5",,17/06/2019 23:58:00,"3,8885"
06/04/2020 16:56:00,"74072,98",,07/04/2020 16:56:00,"16,4",,06/04/2020 16:56:00,"43,13",,18/06/2019 23:58:00,"3,861"
07/04/2020 16:56:00,"76358,09",,08/04/2020 16:56:00,"17,32",,07/04/2020 16:56:00,"43,78",,19/06/2019 23:58:00,"3,83895"
08/04/2020 16:56:00,"78624,62",,09/04/2020 16:56:00,"16,82",,08/04/2020 16:56:00,"43,51",,20/06/2019 23:58:00,"3,8393"
09/04/2020 16:56:00,"77681,94",,13/04/2020 16:56:00,"16,93",,09/04/2020 16:56:00,"43,28",,21/06/2019 23:58:00,"3,8222"
13/04/2020 16:56:00,"78835,82",,14/04/2020 16:56:00,"16,73",,13/04/2020 16:56:00,"44,57",,22/06/2019 23:58:00,"3,822"
14/04/2020 16:56:00,"79918,36",,15/04/2020 16:56:00,"16,38",,14/04/2020 16:56:00,"44,53",,23/06/2019 23:58:00,"3,822"
15/04/2020 16:56:00,"78831,46",,16/04/2020 16:56:00,"15,72",,15/04/2020 16:56:00,"43,19",,24/06/2019 23:58:00,"3,8271"
16/04/2020 16:56:00,"77811,85",,17/04/2020 16:56:00,"16,13",,16/04/2020 16:56:00,"42,76",,25/06/2019 23:58:00,"3,847"
17/04/2020 16:56:00,"78990,29",,,,,17/04/2020 16:56:00,44,,26/06/2019 23:58:00,"3,8444"
,,,,,,,,,27/06/2019 23:58:00,"3,8195"
,,,,,,,,,28/06/2019 23:58:00,"3,8498"
,,,,,,,,,29/06/2019 23:58:00,"3,851"
,,,,,,,,,30/06/2019 23:58:00,"3,851"
,,,,,,,,,01/07/2019 23:58:00,"3,8411"
,,,,,,,,,02/07/2019 23:58:00,"3,8454"
,,,,,,,,,03/07/2019 23:58:00,"3,8265"
,,,,,,,,,04/07/2019 23:58:00,"3,8023"
,,,,,,,,,05/07/2019 23:58:00,"3,822"
,,,,,,,,,06/07/2019 23:58:00,"3,822"
,,,,,,,,,07/07/2019 23:58:00,"3,8193"
,,,,,,,,,08/07/2019 23:58:00,"3,8027"
,,,,,,,,,09/07/2019 23:58:00,"3,8005"
,,,,,,,,,10/07/2019 23:58:00,"3,75385"
,,,,,,,,,11/07/2019 23:58:00,"3,7563"
,,,,,,,,,12/07/2019 23:58:00,"3,7386"
,,,,,,,,,13/07/2019 23:58:00,"3,7384"
,,,,,,,,,14/07/2019 23:58:00,"3,7359"
,,,,,,,,,15/07/2019 23:58:00,"3,7552"
,,,,,,,,,16/07/2019 23:58:00,"3,7687"
,,,,,,,,,17/07/2019 23:58:00,"3,7633"
,,,,,,,,,18/07/2019 23:58:00,"3,7189"
,,,,,,,,,19/07/2019 23:58:00,"3,7482"
,,,,,,,,,20/07/2019 23:58:00,"3,74395"
,,,,,,,,,21/07/2019 23:58:00,"3,7474"
,,,,,,,,,22/07/2019 23:58:00,"3,7413"
,,,,,,,,,23/07/2019 23:58:00,"3,7739"
,,,,,,,,,24/07/2019 23:58:00,"3,7728"
,,,,,,,,,25/07/2019 23:58:00,"3,7788"
,,,,,,,,,26/07/2019 23:58:00,"3,7774"
,,,,,,,,,27/07/2019 23:58:00,"3,7762"
,,,,,,,,,28/07/2019 23:58:00,"3,775"
,,,,,,,,,29/07/2019 23:58:00,"3,7816"
,,,,,,,,,30/07/2019 23:58:00,"3,7908"
,,,,,,,,,31/07/2019 23:58:00,"3,8132"
,,,,,,,,,01/08/2019 23:58:00,"3,8388"
,,,,,,,,,02/08/2019 23:58:00,"3,8873"
,,,,,,,,,03/08/2019 23:58:00,"3,8873"
,,,,,,,,,04/08/2019 23:58:00,"3,8854"
,,,,,,,,,05/08/2019 23:58:00,"3,9746"
,,,,,,,,,06/08/2019 23:58:00,"3,9602"
,,,,,,,,,07/08/2019 23:58:00,"3,9689"
,,,,,,,,,08/08/2019 23:58:00,"3,9191"
,,,,,,,,,09/08/2019 23:58:00,"3,9417"
,,,,,,,,,10/08/2019 23:58:00,"3,9417"
,,,,,,,,,11/08/2019 23:58:00,"3,9417"
,,,,,,,,,12/08/2019 23:58:00,"3,9854"
,,,,,,,,,13/08/2019 23:58:00,"3,9639"
,,,,,,,,,14/08/2019 23:58:00,"4,0518"
,,,,,,,,,15/08/2019 23:58:00,"3,9916"
,,,,,,,,,16/08/2019 23:58:00,"4,0059"
,,,,,,,,,17/08/2019 23:58:00,"4,0059"
,,,,,,,,,18/08/2019 23:58:00,"4,0061"
,,,,,,,,,19/08/2019 23:58:00,"4,0453"
,,,,,,,,,20/08/2019 23:58:00,"4,0532"
,,,,,,,,,21/08/2019 23:58:00,"4,0255"
,,,,,,,,,22/08/2019 23:58:00,"4,0695"
,,,,,,,,,23/08/2019 23:58:00,"4,1202"
,,,,,,,,,24/08/2019 23:58:00,"4,08735"
,,,,,,,,,25/08/2019 23:58:00,"4,1277"
,,,,,,,,,26/08/2019 23:58:00,"4,1551"
,,,,,,,,,27/08/2019 23:58:00,"4,12645"
,,,,,,,,,28/08/2019 23:58:00,"4,1692"
,,,,,,,,,29/08/2019 23:58:00,"4,1696"
,,,,,,,,,30/08/2019 23:58:00,"4,1454"
,,,,,,,,,31/08/2019 23:58:00,"4,1454"
,,,,,,,,,01/09/2019 23:58:00,"4,1454"
,,,,,,,,,02/09/2019 23:58:00,"4,1859"
,,,,,,,,,03/09/2019 23:58:00,"4,1666"
,,,,,,,,,04/09/2019 23:58:00,"4,0947"
,,,,,,,,,05/09/2019 23:58:00,"4,1075"
,,,,,,,,,06/09/2019 23:58:00,"4,0619"
,,,,,,,,,07/09/2019 23:58:00,"4,06995"
,,,,,,,,,08/09/2019 23:58:00,"4,0628"
,,,,,,,,,09/09/2019 23:58:00,"4,0949"
,,,,,,,,,10/09/2019 23:58:00,"4,0811"
,,,,,,,,,11/09/2019 23:58:00,"4,06785"
,,,,,,,,,12/09/2019 23:58:00,"4,0604"
,,,,,,,,,13/09/2019 23:58:00,"4,0851"
,,,,,,,,,14/09/2019 23:58:00,"4,0851"
,,,,,,,,,15/09/2019 23:58:00,"4,0857"
,,,,,,,,,16/09/2019 23:58:00,"4,0808"
,,,,,,,,,17/09/2019 23:58:00,"4,0775"
,,,,,,,,,18/09/2019 23:58:00,"4,1109"
,,,,,,,,,19/09/2019 23:58:00,"4,1681"
,,,,,,,,,20/09/2019 23:58:00,"4,1472"
,,,,,,,,,21/09/2019 23:58:00,"4,1472"
,,,,,,,,,22/09/2019 23:58:00,"4,1498"
,,,,,,,,,23/09/2019 23:58:00,"4,163"
,,,,,,,,,24/09/2019 23:58:00,"4,1632"
,,,,,,,,,25/09/2019 23:58:00,"4,1486"
,,,,,,,,,26/09/2019 23:58:00,"4,1703"
,,,,,,,,,27/09/2019 23:58:00,"4,1587"
,,,,,,,,,28/09/2019 23:58:00,"4,17005"
,,,,,,,,,29/09/2019 23:58:00,"4,1586"
,,,,,,,,,30/09/2019 23:58:00,"4,1563"
,,,,,,,,,01/10/2019 23:58:00,"4,1561"
,,,,,,,,,02/10/2019 23:58:00,"4,12805"
,,,,,,,,,03/10/2019 23:58:00,"4,0844"
,,,,,,,,,04/10/2019 23:58:00,"4,0571"
,,,,,,,,,05/10/2019 23:58:00,"4,0574"
,,,,,,,,,06/10/2019 23:58:00,"4,0561"
,,,,,,,,,07/10/2019 23:58:00,"4,1066"
,,,,,,,,,08/10/2019 23:58:00,"4,09455"
,,,,,,,,,09/10/2019 23:58:00,"4,1098"
,,,,,,,,,10/10/2019 23:58:00,"4,1099"
,,,,,,,,,11/10/2019 23:58:00,"4,1096"
,,,,,,,,,12/10/2019 23:58:00,"4,1133"
,,,,,,,,,13/10/2019 23:58:00,"4,11"
,,,,,,,,,14/10/2019 23:58:00,"4,1252"
,,,,,,,,,15/10/2019 23:58:00,"4,1801"
,,,,,,,,,16/10/2019 23:58:00,"4,1501"
,,,,,,,,,17/10/2019 23:58:00,"4,1626"
,,,,,,,,,18/10/2019 23:58:00,"4,1127"
,,,,,,,,,19/10/2019 23:58:00,"4,1127"
,,,,,,,,,20/10/2019 23:58:00,"4,1126"
,,,,,,,,,21/10/2019 23:58:00,"4,128351"
,,,,,,,,,22/10/2019 23:58:00,"4,0799"
,,,,,,,,,23/10/2019 23:58:00,"4,0346"
,,,,,,,,,24/10/2019 23:58:00,"4,0408"
,,,,,,,,,25/10/2019 23:58:00,"4,0046"
,,,,,,,,,26/10/2019 23:58:00,"4,0045"
,,,,,,,,,27/10/2019 23:58:00,"4,0031"
,,,,,,,,,28/10/2019 23:58:00,"3,9903"
,,,,,,,,,29/10/2019 23:58:00,"3,9982"
,,,,,,,,,30/10/2019 23:58:00,"3,9877"
,,,,,,,,,31/10/2019 23:58:00,"4,01748"
,,,,,,,,,01/11/2019 23:58:00,"3,9903"
,,,,,,,,,02/11/2019 23:58:00,"3,9896"
,,,,,,,,,03/11/2019 23:58:00,"3,9896"
,,,,,,,,,04/11/2019 23:58:00,"4,012384"
,,,,,,,,,05/11/2019 23:58:00,"3,9937"
,,,,,,,,,06/11/2019 23:58:00,"4,083779"
,,,,,,,,,07/11/2019 23:58:00,"4,101"
,,,,,,,,,08/11/2019 23:58:00,"4,1635"
,,,,,,,,,09/11/2019 23:58:00,"4,1635"
,,,,,,,,,10/11/2019 23:58:00,"4,16335"
,,,,,,,,,11/11/2019 23:58:00,"4,1528"
,,,,,,,,,12/11/2019 23:58:00,"4,1694"
,,,,,,,,,13/11/2019 23:58:00,"4,1701"
,,,,,,,,,14/11/2019 23:58:00,"4,1958"
,,,,,,,,,15/11/2019 23:58:00,"4,1962"
,,,,,,,,,16/11/2019 23:58:00,"4,197291"
,,,,,,,,,17/11/2019 23:58:00,"4,19525"
,,,,,,,,,18/11/2019 23:58:00,"4,2179"
,,,,,,,,,19/11/2019 23:58:00,"4,1932"
,,,,,,,,,20/11/2019 23:58:00,"4,1964"
,,,,,,,,,21/11/2019 23:58:00,"4,1932"
,,,,,,,,,22/11/2019 23:58:00,"4,1965"
,,,,,,,,,23/11/2019 23:58:00,"4,1965"
,,,,,,,,,24/11/2019 23:58:00,"4,1965"
,,,,,,,,,25/11/2019 23:58:00,"4,2269"
,,,,,,,,,26/11/2019 23:58:00,"4,2333"
,,,,,,,,,27/11/2019 23:58:00,"4,2642"
,,,,,,,,,28/11/2019 23:58:00,"4,1895"
,,,,,,,,,29/11/2019 23:58:00,"4,24025"
,,,,,,,,,30/11/2019 23:58:00,"4,239845"
,,,,,,,,,01/12/2019 23:58:00,"4,2366"
,,,,,,,,,02/12/2019 23:58:00,"4,2238"
,,,,,,,,,03/12/2019 23:58:00,"4,2058"
,,,,,,,,,04/12/2019 23:58:00,"4,2077"
,,,,,,,,,05/12/2019 23:58:00,"4,1861"
,,,,,,,,,06/12/2019 23:58:00,"4,1414"
,,,,,,,,,07/12/2019 23:58:00,"4,1414"
,,,,,,,,,08/12/2019 23:58:00,"4,14135"
,,,,,,,,,09/12/2019 23:58:00,"4,1427"
,,,,,,,,,10/12/2019 23:58:00,"4,1461"
,,,,,,,,,11/12/2019 23:58:00,"4,1252"
,,,,,,,,,12/12/2019 23:58:00,"4,0908"
,,,,,,,,,13/12/2019 23:58:00,"4,1084"
,,,,,,,,,14/12/2019 23:58:00,"4,1084"
,,,,,,,,,15/12/2019 23:58:00,"4,10825"
,,,,,,,,,16/12/2019 23:58:00,"4,0634"
,,,,,,,,,17/12/2019 23:58:00,"4,0722"
,,,,,,,,,18/12/2019 23:58:00,"4,063262"
,,,,,,,,,19/12/2019 23:58:00,"4,0704"
,,,,,,,,,20/12/2019 23:58:00,"4,100474"
,,,,,,,,,21/12/2019 23:58:00,"4,100474"
,,,,,,,,,22/12/2019 23:58:00,"4,10235"
,,,,,,,,,23/12/2019 23:58:00,"4,0835"
,,,,,,,,,24/12/2019 23:58:00,"4,0843"
,,,,,,,,,25/12/2019 23:58:00,"4,08445"
,,,,,,,,,26/12/2019 23:58:00,"4,0549"
,,,,,,,,,27/12/2019 23:58:00,"4,046632"
,,,,,,,,,28/12/2019 23:58:00,"4,046632"
,,,,,,,,,29/12/2019 23:58:00,"4,04475"
,,,,,,,,,30/12/2019 23:58:00,"4,019168"
,,,,,,,,,31/12/2019 23:58:00,"4,019969"
,,,,,,,,,01/01/2020 23:58:00,"4,019699"
,,,,,,,,,02/01/2020 23:58:00,"4,0249"
,,,,,,,,,03/01/2020 23:58:00,"4,0668"
,,,,,,,,,04/01/2020 23:58:00,"4,0668"
,,,,,,,,,05/01/2020 23:58:00,"4,0572"
,,,,,,,,,06/01/2020 23:58:00,"4,0619"
,,,,,,,,,07/01/2020 23:58:00,"4,0677"
,,,,,,,,,08/01/2020 23:58:00,"4,0644"
,,,,,,,,,09/01/2020 23:58:00,"4,0936"
,,,,,,,,,10/01/2020 23:58:00,"4,0958"
,,,,,,,,,11/01/2020 23:58:00,"4,080666"
,,,,,,,,,12/01/2020 23:58:00,"4,09295"
,,,,,,,,,13/01/2020 23:58:00,"4,1473"
,,,,,,,,,14/01/2020 23:58:00,"4,1329"
,,,,,,,,,15/01/2020 23:58:00,"4,1757"
,,,,,,,,,16/01/2020 23:58:00,"4,1848"
,,,,,,,,,17/01/2020 23:58:00,"4,1619"
,,,,,,,,,18/01/2020 23:58:00,"4,1619"
,,,,,,,,,19/01/2020 23:58:00,"4,1618"
,,,,,,,,,20/01/2020 23:58:00,"4,19"
,,,,,,,,,21/01/2020 23:58:00,"4,2124"
,,,,,,,,,22/01/2020 23:58:00,"4,1828"
,,,,,,,,,23/01/2020 23:58:00,"4,1706"
,,,,,,,,,24/01/2020 23:58:00,"4,1814"
,,,,,,,,,25/01/2020 23:58:00,"4,1814"
,,,,,,,,,26/01/2020 23:58:00,"4,18195"
,,,,,,,,,27/01/2020 23:58:00,"4,2077"
,,,,,,,,,28/01/2020 23:58:00,"4,1949"
,,,,,,,,,29/01/2020 23:58:00,"4,2304"
,,,,,,,,,30/01/2020 23:58:00,"4,2437"
,,,,,,,,,31/01/2020 23:58:00,"4,2825"
,,,,,,,,,01/02/2020 23:58:00,"4,2825"
,,,,,,,,,02/02/2020 23:58:00,"4,2828"
,,,,,,,,,03/02/2020 23:58:00,"4,2483"
,,,,,,,,,04/02/2020 23:58:00,"4,2552"
,,,,,,,,,05/02/2020 23:58:00,"4,2352"
,,,,,,,,,06/02/2020 23:58:00,"4,2823"
,,,,,,,,,07/02/2020 23:58:00,"4,3206"
,,,,,,,,,08/02/2020 23:58:00,"4,3206"
,,,,,,,,,09/02/2020 23:58:00,"4,3206"
,,,,,,,,,10/02/2020 23:58:00,"4,3245"
,,,,,,,,,11/02/2020 23:58:00,"4,331442"
,,,,,,,,,12/02/2020 23:58:00,"4,356"
,,,,,,,,,13/02/2020 23:58:00,"4,350457"
,,,,,,,,,14/02/2020 23:58:00,"4,2976"
,,,,,,,,,15/02/2020 23:58:00,"4,2976"
,,,,,,,,,16/02/2020 23:58:00,"4,2977"
,,,,,,,,,17/02/2020 23:58:00,"4,328"
,,,,,,,,,18/02/2020 23:58:00,"4,3563"
,,,,,,,,,19/02/2020 23:58:00,"4,3655"
,,,,,,,,,20/02/2020 23:58:00,"4,3938"
,,,,,,,,,21/02/2020 23:58:00,"4,3896"
,,,,,,,,,22/02/2020 23:58:00,"4,3896"
,,,,,,,,,23/02/2020 23:58:00,"4,39025"
,,,,,,,,,24/02/2020 23:58:00,"4,3881"
,,,,,,,,,25/02/2020 23:58:00,"4,3883"
,,,,,,,,,26/02/2020 23:58:00,"4,4508"
,,,,,,,,,27/02/2020 23:58:00,"4,4863"
,,,,,,,,,28/02/2020 23:58:00,"4,473054"
,,,,,,,,,29/02/2020 23:58:00,"4,473054"
,,,,,,,,,01/03/2020 23:58:00,"4,4788"
,,,,,,,,,02/03/2020 23:58:00,"4,4739"
,,,,,,,,,03/03/2020 23:58:00,"4,5147"
,,,,,,,,,04/03/2020 23:58:00,"4,5849"
,,,,,,,,,05/03/2020 23:58:00,"4,6077"
,,,,,,,,,06/03/2020 23:58:00,"4,62665"
,,,,,,,,,07/03/2020 23:58:00,"4,6273"
,,,,,,,,,08/03/2020 23:58:00,"4,6273"
,,,,,,,,,09/03/2020 23:58:00,"4,724288"
,,,,,,,,,10/03/2020 23:58:00,"4,6441"
,,,,,,,,,11/03/2020 23:58:00,"4,8153"
,,,,,,,,,12/03/2020 23:58:00,"4,7919"
,,,,,,,,,13/03/2020 23:58:00,"4,8596"
,,,,,,,,,14/03/2020 23:58:00,"4,8596"
,,,,,,,,,15/03/2020 23:58:00,"4,8596"
,,,,,,,,,16/03/2020 23:58:00,"5,0006"
,,,,,,,,,17/03/2020 23:58:00,"5,0112"
,,,,,,,,,18/03/2020 23:58:00,"5,107612"
,,,,,,,,,19/03/2020 23:58:00,"5,0957"
,,,,,,,,,20/03/2020 23:58:00,"5,0639"
,,,,,,,,,21/03/2020 23:58:00,"5,0639"
,,,,,,,,,22/03/2020 23:58:00,"5,05425"
,,,,,,,,,23/03/2020 23:58:00,"5,1432"
,,,,,,,,,24/03/2020 23:58:00,"5,0996"
,,,,,,,,,25/03/2020 23:58:00,"5,0352"
,,,,,,,,,26/03/2020 23:58:00,"5,0241"
,,,,,,,,,27/03/2020 23:58:00,"5,1005"
,,,,,,,,,28/03/2020 23:58:00,"5,1005"
,,,,,,,,,29/03/2020 23:58:00,"5,108225"
,,,,,,,,,30/03/2020 23:58:00,"5,1942"
,,,,,,,,,31/03/2020 23:58:00,"5,2051"
,,,,,,,,,01/04/2020 23:58:00,"5,2496"
,,,,,,,,,02/04/2020 23:58:00,"5,2568"
,,,,,,,,,03/04/2020 23:58:00,"5,346768"
,,,,,,,,,04/04/2020 23:58:00,"5,346768"
,,,,,,,,,05/04/2020 23:58:00,"5,35"
,,,,,,,,,06/04/2020 23:58:00,"5,2869"
,,,,,,,,,07/04/2020 23:58:00,"5,2232"
,,,,,,,,,08/04/2020 23:58:00,"5,125"
,,,,,,,,,09/04/2020 23:58:00,"5,1073"
,,,,,,,,,10/04/2020 23:58:00,"5,107"
,,,,,,,,,11/04/2020 23:58:00,"5,107"
,,,,,,,,,12/04/2020 23:58:00,"5,107"
,,,,,,,,,13/04/2020 23:58:00,"5,2"
,,,,,,,,,14/04/2020 23:58:00,"5,1635"
,,,,,,,,,15/04/2020 23:58:00,"5,2385"
,,,,,,,,,16/04/2020 23:58:00,"5,2324"
,,,,,,,,,17/04/2020 23:58:00,"5,2342"